"Time","Day","Month","Year","temp_C","temp_F"
1,1,1,2012,10.163,50.2934
2,2,1,2012,12.088,53.7584
3,3,1,2012,10.538,50.9684
4,4,1,2012,7.913,46.2434
5,5,1,2012,9.3,48.74
6,6,1,2012,13.088,55.5584
7,7,1,2012,6.563,43.8134
8,8,1,2012,7.313,45.1634
9,9,1,2012,8.25,46.85
10,10,1,2012,8.3,46.94
11,11,1,2012,7.875,46.175
12,12,1,2012,7.663,45.7934
13,13,1,2012,10.513,50.9234
14,14,1,2012,9.925,49.865
15,15,1,2012,7.625,45.725
16,16,1,2012,8.038,46.4684
17,17,1,2012,7.2,44.96
18,18,1,2012,7.288,45.1184
19,19,1,2012,7.75,45.95
20,20,1,2012,11.588,52.8584
21,21,1,2012,11.288,52.3184
22,22,1,2012,9.225,48.605
23,23,1,2012,10.013,50.0234
24,24,1,2012,10.888,51.5984
25,25,1,2012,8.338,47.0084
26,26,1,2012,8.613,47.5034
27,27,1,2012,10.713,51.2834
28,28,1,2012,10.05,50.09
29,29,1,2012,8.613,47.5034
30,30,1,2012,9.125,48.425
31,31,1,2012,7.213,44.9834
32,1,2,2012,5.613,42.1034
33,2,2,2012,5.15,41.27
34,3,2,2012,6.4,43.52
35,4,2,2012,2.9,37.22
36,5,2,2012,3.075,37.535
37,6,2,2012,1.35,34.43
38,7,2,2012,2.463,36.4334
39,8,2,2012,5.863,42.5534
40,9,2,2012,5.888,42.5984
41,10,2,2012,6.075,42.935
42,11,2,2012,1.813,35.2634
43,12,2,2012,2.113,35.8034
44,13,2,2012,2.6,36.68
45,14,2,2012,2.95,37.31
46,15,2,2012,4.325,39.785
47,16,2,2012,7,44.6
48,17,2,2012,7.725,45.905
49,18,2,2012,8.7,47.66
50,19,2,2012,8.813,47.8634
51,20,2,2012,8.063,46.5134
52,21,2,2012,7.413,45.3434
53,22,2,2012,8.513,47.3234
54,23,2,2012,9.113,48.4034
55,24,2,2012,9.213,48.5834
56,25,2,2012,10.038,50.0684
57,26,2,2012,11.538,52.7684
58,27,2,2012,8.7,47.66
59,28,2,2012,8.888,47.9984
60,29,2,2012,8.975,48.155
61,1,3,2012,9.875,49.775
62,2,3,2012,9.7,49.46
63,3,3,2012,10.163,50.2934
64,4,3,2012,10.413,50.7434
65,5,3,2012,8.388,47.0984
66,6,3,2012,7.888,46.1984
67,7,3,2012,7.55,45.59
68,8,3,2012,8.663,47.5934
69,9,3,2012,9.275,48.695
70,10,3,2012,9.15,48.47
71,11,3,2012,9.425,48.965
72,12,3,2012,10.013,50.0234
73,13,3,2012,10.563,51.0134
74,14,3,2012,11.325,52.385
75,15,3,2012,10.288,50.5184
76,16,3,2012,9.463,49.0334
77,17,3,2012,11.513,52.7234
78,18,3,2012,12.563,54.6134
79,19,3,2012,12.925,55.265
80,20,3,2012,10.75,51.35
81,21,3,2012,14.663,58.3934
82,22,3,2012,15.838,60.5084
83,23,3,2012,13.35,56.03
84,24,3,2012,14.075,57.335
85,25,3,2012,12.238,54.0284
86,26,3,2012,12.188,53.9384
87,27,3,2012,12.375,54.275
88,28,3,2012,12.438,54.3884
89,29,3,2012,12.15,53.87
90,30,3,2012,12.3,54.14
91,31,3,2012,13.063,55.5134
92,1,4,2012,14.163,57.4934
93,2,4,2012,13.263,55.8734
94,3,4,2012,15.5,59.9
95,4,4,2012,14.8,58.64
96,5,4,2012,14.75,58.55
97,6,4,2012,14.475,58.055
98,7,4,2012,14.05,57.29
99,8,4,2012,12.613,54.7034
100,9,4,2012,11.95,53.51
101,10,4,2012,13.35,56.03
102,11,4,2012,14.238,57.6284
103,12,4,2012,13.4,56.12
104,13,4,2012,12.538,54.5684
105,14,4,2012,12.363,54.2534
106,15,4,2012,11.8,53.24
107,16,4,2012,12.488,54.4784
108,17,4,2012,12.413,54.3434
109,18,4,2012,11.338,52.4084
110,19,4,2012,10.863,51.5534
111,20,4,2012,12.625,54.725
112,21,4,2012,14.475,58.055
113,22,4,2012,14.3,57.74
114,23,4,2012,12.275,54.095
115,24,4,2012,12.9,55.22
116,25,4,2012,13.775,56.795
117,26,4,2012,16.038,60.8684
118,27,4,2012,16.575,61.835
119,28,4,2012,23.988,75.1784
120,29,4,2012,18.275,64.895
121,30,4,2012,17.038,62.6684
122,1,5,2012,14.525,58.145
123,2,5,2012,13.725,56.705
124,3,5,2012,13.888,56.9984
125,4,5,2012,13.913,57.0434
126,5,5,2012,16.013,60.8234
127,6,5,2012,15.9,60.62
128,7,5,2012,15.55,59.99
129,8,5,2012,15.238,59.4284
130,9,5,2012,17.413,63.3434
131,10,5,2012,16.638,61.9484
132,11,5,2012,17.638,63.7484
133,12,5,2012,18.913,66.0434
134,13,5,2012,17.913,64.2434
135,14,5,2012,18.088,64.5584
136,15,5,2012,15.663,60.1934
137,16,5,2012,16.413,61.5434
138,17,5,2012,14.725,58.505
139,18,5,2012,16.063,60.9134
140,19,5,2012,19.163,66.4934
141,20,5,2012,15.288,59.5184
142,21,5,2012,14.763,58.5734
143,22,5,2012,14.45,58.01
144,23,5,2012,15.413,59.7434
145,24,5,2012,17.3,63.14
146,25,5,2012,18.788,65.8184
147,26,5,2012,18.838,65.9084
148,27,5,2012,19.288,66.7184
149,28,5,2012,19.088,66.3584
150,29,5,2012,19.213,66.5834
151,30,5,2012,18.913,66.0434
152,31,5,2012,19.013,66.2234
153,1,6,2012,20.4,68.72
154,2,6,2012,NA,NA
155,3,6,2012,NA,NA
156,4,6,2012,NA,NA
157,5,6,2012,18.45,65.21
158,6,6,2012,19.075,66.335
159,7,6,2012,22.375,72.275
160,8,6,2012,26.4,79.52
161,9,6,2012,22.075,71.735
162,10,6,2012,19.65,67.37
163,11,6,2012,21.613,70.9034
164,12,6,2012,20.213,68.3834
165,13,6,2012,19.588,67.2584
166,14,6,2012,18.925,66.065
167,15,6,2012,20.463,68.8334
168,16,6,2012,21.938,71.4884
169,17,6,2012,22.525,72.545
170,18,6,2012,23.238,73.8284
171,19,6,2012,24.175,75.515
172,20,6,2012,27.113,80.8034
173,21,6,2012,23.763,74.7734
174,22,6,2012,22.888,73.1984
175,23,6,2012,22.513,72.5234
176,24,6,2012,21.838,71.3084
177,25,6,2012,22.488,72.4784
178,26,6,2012,23.413,74.1434
179,27,6,2012,23.838,74.9084
180,28,6,2012,24.3,75.74
181,29,6,2012,25.588,78.0584
182,30,6,2012,26.038,78.8684
183,1,7,2012,27.825,82.085
184,2,7,2012,23.763,74.7734
185,3,7,2012,22.225,72.005
186,4,7,2012,22.213,71.9834
187,5,7,2012,23.6,74.48
188,6,7,2012,24.013,75.2234
189,7,7,2012,23.813,74.8634
190,8,7,2012,25.15,77.27
191,9,7,2012,24.45,76.01
192,10,7,2012,24.313,75.7634
193,11,7,2012,24.225,75.605
194,12,7,2012,23.438,74.1884
195,13,7,2012,22.138,71.8484
196,14,7,2012,23.575,74.435
197,15,7,2012,22.85,73.13
198,16,7,2012,21.838,71.3084
199,17,7,2012,22.688,72.8384
200,18,7,2012,24.238,75.6284
201,19,7,2012,23.238,73.8284
202,20,7,2012,NA,NA
203,21,7,2012,22.463,72.4334
204,22,7,2012,22.363,72.2534
205,23,7,2012,22.788,73.0184
206,24,7,2012,23.513,74.3234
207,25,7,2012,23.775,74.795
208,26,7,2012,24.113,75.4034
209,27,7,2012,24.55,76.19
210,28,7,2012,26.55,79.79
211,29,7,2012,25.188,77.3384
212,30,7,2012,23.475,74.255
213,31,7,2012,22.913,73.2434
214,1,8,2012,24.413,75.9434
215,2,8,2012,24.838,76.7084
216,3,8,2012,24.775,76.595
217,4,8,2012,24.375,75.875
218,5,8,2012,25,77
219,6,8,2012,25.9,78.62
220,7,8,2012,25.113,77.2034
221,8,8,2012,22.5,72.5
222,9,8,2012,23.088,73.5584
223,10,8,2012,23.925,75.065
224,11,8,2012,24.663,76.3934
225,12,8,2012,24.125,75.425
226,13,8,2012,24.6,76.28
227,14,8,2012,24.075,75.335
228,15,8,2012,23.788,74.8184
229,16,8,2012,24.113,75.4034
230,17,8,2012,25.425,77.765
231,18,8,2012,25.988,78.7784
232,19,8,2012,26.613,79.9034
233,20,8,2012,26.938,80.4884
234,21,8,2012,25.525,77.945
235,22,8,2012,25.438,77.7884
236,23,8,2012,26.063,78.9134
237,24,8,2012,26.688,80.0384
238,25,8,2012,26.375,79.475
239,26,8,2012,24.663,76.3934
240,27,8,2012,22.713,72.8834
241,28,8,2012,23.288,73.9184
242,29,8,2012,23.463,74.2334
243,30,8,2012,25.063,77.1134
244,31,8,2012,22.4,72.32
245,1,9,2012,19.35,66.83
246,2,9,2012,19.825,67.685
247,3,9,2012,19.838,67.7084
248,4,9,2012,18.988,66.1784
249,5,9,2012,19.963,67.9334
250,6,9,2012,21.963,71.5334
251,7,9,2012,22.2,71.96
252,8,9,2012,22.638,72.7484
253,9,9,2012,22.125,71.825
254,10,9,2012,21.425,70.565
255,11,9,2012,21.45,70.61
256,12,9,2012,21.113,70.0034
257,13,9,2012,19.363,66.8534
258,14,9,2012,18.8,65.84
259,15,9,2012,19.15,66.47
260,16,9,2012,19.35,66.83
261,17,9,2012,19.275,66.695
262,18,9,2012,19.7,67.46
263,19,9,2012,19.425,66.965
264,20,9,2012,18.8,65.84
265,21,9,2012,19.45,67.01
266,22,9,2012,20.5,68.9
267,23,9,2012,21.525,70.745
268,24,9,2012,20.875,69.575
269,25,9,2012,21.575,70.835
270,26,9,2012,22.663,72.7934
271,27,9,2012,21.175,70.115
272,28,9,2012,20.663,69.1934
273,29,9,2012,22.5,72.5
274,30,9,2012,20.163,68.2934
275,1,10,2012,18.525,65.345
276,2,10,2012,18.938,66.0884
277,3,10,2012,17.825,64.085
278,4,10,2012,18.463,65.2334
279,5,10,2012,17.763,63.9734
280,6,10,2012,18.763,65.7734
281,7,10,2012,20.288,68.5184
282,8,10,2012,20.525,68.945
283,9,10,2012,19.688,67.4384
284,10,10,2012,19.388,66.8984
285,11,10,2012,19.313,66.7634
286,12,10,2012,19.25,66.65
287,13,10,2012,17.6,63.68
288,14,10,2012,16.95,62.51
289,15,10,2012,15.75,60.35
290,16,10,2012,15.475,59.855
291,17,10,2012,17.063,62.7134
292,18,10,2012,17.375,63.275
293,19,10,2012,20.463,68.8334
294,20,10,2012,20.3,68.54
295,21,10,2012,20.425,68.765
296,22,10,2012,20.7,69.26
297,23,10,2012,18.975,66.155
298,24,10,2012,18.075,64.535
299,25,10,2012,17.638,63.7484
300,26,10,2012,16.575,61.835
301,27,10,2012,17.275,63.095
302,28,10,2012,9.8,49.64
303,29,10,2012,9.963,49.9334
304,30,10,2012,12.275,54.095
305,31,10,2012,14.263,57.6734
306,1,11,2012,16.075,60.935
307,2,11,2012,14.338,57.8084
308,3,11,2012,14.938,58.8884
309,4,11,2012,18.338,65.0084
310,5,11,2012,17.05,62.69
311,6,11,2012,13.325,55.985
312,7,11,2012,11.963,53.5334
313,8,11,2012,11.563,52.8134
314,9,11,2012,12.563,54.6134
315,10,11,2012,16.088,60.9584
316,11,11,2012,16.2,61.16
317,12,11,2012,15.413,59.7434
318,13,11,2012,17.363,63.2534
319,14,11,2012,16.1,60.98
320,15,11,2012,15.263,59.4734
321,16,11,2012,13.813,56.8634
322,17,11,2012,12.613,54.7034
323,18,11,2012,13.875,56.975
324,19,11,2012,14.525,58.145
325,20,11,2012,14.075,57.335
326,21,11,2012,13.3,55.94
327,22,11,2012,13.6,56.48
328,23,11,2012,15.013,59.0234
329,24,11,2012,12.625,54.725
330,25,11,2012,12.538,54.5684
331,26,11,2012,12.663,54.7934
332,27,11,2012,13.775,56.795
333,28,11,2012,13.063,55.5134
334,29,11,2012,11.363,52.4534
335,30,11,2012,10.675,51.215
336,1,12,2012,9.925,49.865
337,2,12,2012,9.763,49.5734
338,3,12,2012,8.7,47.66
339,4,12,2012,12.413,54.3434
340,5,12,2012,11.938,53.4884
341,6,12,2012,10.075,50.135
342,7,12,2012,8.425,47.165
343,8,12,2012,8.425,47.165
344,9,12,2012,5.125,41.225
345,10,12,2012,9.088,48.3584
346,11,12,2012,5.563,42.0134
347,12,12,2012,5.138,41.2484
348,13,12,2012,7.35,45.23
349,14,12,2012,10.513,50.9234
350,15,12,2012,14.5,58.1
351,16,12,2012,11.563,52.8134
352,17,12,2012,11.8,53.24
353,18,12,2012,11.725,53.105
354,19,12,2012,7.65,45.77
355,20,12,2012,8.088,46.5584
356,21,12,2012,10.313,50.5634
357,22,12,2012,8.313,46.9634
358,23,12,2012,11.825,53.285
359,24,12,2012,11.288,52.3184
360,25,12,2012,12.025,53.645
361,26,12,2012,10.8,51.44
362,27,12,2012,10.063,50.1134
363,28,12,2012,11.763,53.1734
364,29,12,2012,8.063,46.5134
365,30,12,2012,8.438,47.1884
366,31,12,2012,8.375,47.075
367,1,1,2013,9.213,48.5834
368,2,1,2013,10.1,50.18
369,3,1,2013,9.4,48.92
370,4,1,2013,9.063,48.3134
371,5,1,2013,10.738,51.3284
372,6,1,2013,10.175,50.315
373,7,1,2013,10.2,50.36
374,8,1,2013,9.563,49.2134
375,9,1,2013,11.05,51.89
376,10,1,2013,9.463,49.0334
377,11,1,2013,10.113,50.2034
378,12,1,2013,8.613,47.5034
379,13,1,2013,9.075,48.335
380,14,1,2013,7.588,45.6584
381,15,1,2013,6.675,44.015
382,16,1,2013,6.975,44.555
383,17,1,2013,5.088,41.1584
384,18,1,2013,4.075,39.335
385,19,1,2013,9.325,48.785
386,20,1,2013,12.388,54.2984
387,21,1,2013,8.95,48.11
388,22,1,2013,10.25,50.45
389,23,1,2013,8.863,47.9534
390,24,1,2013,7.688,45.8384
391,25,1,2013,6.413,43.5434
392,26,1,2013,5.738,42.3284
393,27,1,2013,6.65,43.97
394,28,1,2013,8.938,48.0884
395,29,1,2013,7.95,46.31
396,30,1,2013,9.563,49.2134
397,31,1,2013,10.313,50.5634
398,1,2,2013,10.963,51.7334
399,2,2,2013,11.025,51.845
400,3,2,2013,7.925,46.265
401,4,2,2013,6.188,43.1384
402,5,2,2013,9.125,48.425
403,6,2,2013,9.613,49.3034
404,7,2,2013,7.188,44.9384
405,8,2,2013,4.925,40.865
406,9,2,2013,4.188,39.5384
407,10,2,2013,4.513,40.1234
408,11,2,2013,8.725,47.705
409,12,2,2013,6,42.8
410,13,2,2013,6.113,43.0034
411,14,2,2013,6.113,43.0034
412,15,2,2013,6.963,44.5334
413,16,2,2013,7.65,45.77
414,17,2,2013,7.425,45.365
415,18,2,2013,8.138,46.6484
416,19,2,2013,7.538,45.5684
417,20,2,2013,6.063,42.9134
418,21,2,2013,8.35,47.03
419,22,2,2013,7.138,44.8484
420,23,2,2013,6.875,44.375
421,24,2,2013,4.238,39.6284
422,25,2,2013,3.7,38.66
423,26,2,2013,6.75,44.15
424,27,2,2013,6.725,44.105
425,28,2,2013,7.95,46.31
426,1,3,2013,8.9,48.02
427,2,3,2013,11.813,53.2634
428,3,3,2013,9.55,49.19
429,4,3,2013,9.3,48.74
430,5,3,2013,13.988,57.1784
431,6,3,2013,15.15,59.27
432,7,3,2013,13.575,56.435
433,8,3,2013,12.713,54.8834
434,9,3,2013,11.988,53.5784
435,10,3,2013,11.438,52.5884
436,11,3,2013,12.488,54.4784
437,12,3,2013,11.238,52.2284
438,13,3,2013,10.55,50.99
439,14,3,2013,9.188,48.5384
440,15,3,2013,5.913,42.6434
441,16,3,2013,7,44.6
442,17,3,2013,12.113,53.8034
443,18,3,2013,12.688,54.8384
444,19,3,2013,11.188,52.1384
445,20,3,2013,10.75,51.35
446,21,3,2013,10.15,50.27
447,22,3,2013,10.925,51.665
448,23,3,2013,12.85,55.13
449,24,3,2013,13.538,56.3684
450,25,3,2013,12.788,55.0184
451,26,3,2013,12.6,54.68
452,27,3,2013,11.575,52.835
453,28,3,2013,13,55.4
454,29,3,2013,14.425,57.965
455,30,3,2013,13.713,56.6834
456,31,3,2013,12.85,55.13
457,1,4,2013,10.975,51.755
458,2,4,2013,11.988,53.5784
459,3,4,2013,12.025,53.645
460,4,4,2013,12.025,53.645
461,5,4,2013,12.325,54.185
462,6,4,2013,11.563,52.8134
463,7,4,2013,13,55.4
464,8,4,2013,12.8,55.04
465,9,4,2013,12.463,54.4334
466,10,4,2013,12.95,55.31
467,11,4,2013,12.9,55.22
468,12,4,2013,14.863,58.7534
469,13,4,2013,12.975,55.355
470,14,4,2013,14,57.2
471,15,4,2013,14.563,58.2134
472,16,4,2013,14.013,57.2234
473,17,4,2013,14.738,58.5284
474,18,4,2013,15.463,59.8334
475,19,4,2013,14.788,58.6184
476,20,4,2013,13.538,56.3684
477,21,4,2013,10.988,51.7784
478,22,4,2013,11.438,52.5884
479,23,4,2013,12.3,54.14
480,24,4,2013,13.85,56.93
481,25,4,2013,18.088,64.5584
482,26,4,2013,18.688,65.6384
483,27,4,2013,15.7,60.26
484,28,4,2013,17.675,63.815
485,29,4,2013,23.963,75.1334
486,30,4,2013,18.963,66.1334
487,1,5,2013,17.7,63.86
488,2,5,2013,17.238,63.0284
489,3,5,2013,16.588,61.8584
490,4,5,2013,15.788,60.4184
491,5,5,2013,16.025,60.845
492,6,5,2013,15.588,60.0584
493,7,5,2013,16.638,61.9484
494,8,5,2013,17.075,62.735
495,9,5,2013,18.1,64.58
496,10,5,2013,18.438,65.1884
497,11,5,2013,15.725,60.305
498,12,5,2013,15.213,59.3834
499,13,5,2013,15.313,59.5634
500,14,5,2013,16.825,62.285
501,15,5,2013,18.313,64.9634
502,16,5,2013,17.65,63.77
503,17,5,2013,15.438,59.7884
504,18,5,2013,15.925,60.665
505,19,5,2013,16.55,61.79
506,20,5,2013,15.075,59.135
507,21,5,2013,13.988,57.1784
508,22,5,2013,15.325,59.585
509,23,5,2013,16.725,62.105
510,24,5,2013,15.325,59.585
511,25,5,2013,14.425,57.965
512,26,5,2013,14.113,57.4034
513,27,5,2013,14.025,57.245
514,28,5,2013,15.538,59.9684
515,29,5,2013,15.55,59.99
516,30,5,2013,15.35,59.63
517,31,5,2013,16.388,61.4984
518,1,6,2013,16.125,61.025
519,2,6,2013,16.675,62.015
520,3,6,2013,17.238,63.0284
521,4,6,2013,18.388,65.0984
522,5,6,2013,17.963,64.3334
523,6,6,2013,18.563,65.4134
524,7,6,2013,17.95,64.31
525,8,6,2013,18.975,66.155
526,9,6,2013,18.275,64.895
527,10,6,2013,16.9,62.42
528,11,6,2013,18.563,65.4134
529,12,6,2013,18.763,65.7734
530,13,6,2013,19.988,67.9784
531,14,6,2013,20.713,69.2834
532,15,6,2013,21.713,71.0834
533,16,6,2013,22.263,72.0734
534,17,6,2013,24.575,76.235
535,18,6,2013,29.938,85.8884
536,19,6,2013,24.65,76.37
537,20,6,2013,22.513,72.5234
538,21,6,2013,21.575,70.835
539,22,6,2013,20.538,68.9684
540,23,6,2013,20.575,69.035
541,24,6,2013,19.213,66.5834
542,25,6,2013,17.9,64.22
543,26,6,2013,19.188,66.5384
544,27,6,2013,19.113,66.4034
545,28,6,2013,19.3,66.74
546,29,6,2013,19.575,67.235
547,30,6,2013,20.413,68.7434
548,1,7,2013,22.05,71.69
549,2,7,2013,21.175,70.115
550,3,7,2013,20.875,69.575
551,4,7,2013,22.588,72.6584
552,5,7,2013,22.938,73.2884
553,6,7,2013,22.975,73.355
554,7,7,2013,23.4,74.12
555,8,7,2013,23.838,74.9084
556,9,7,2013,23.175,73.715
557,10,7,2013,24.138,75.4484
558,11,7,2013,23.775,74.795
559,12,7,2013,23.45,74.21
560,13,7,2013,23.15,73.67
561,14,7,2013,23.888,74.9984
562,15,7,2013,23.988,75.1784
563,16,7,2013,24.225,75.605
564,17,7,2013,24.788,76.6184
565,18,7,2013,24.25,75.65
566,19,7,2013,25.425,77.765
567,20,7,2013,25.2,77.36
568,21,7,2013,25.35,77.63
569,22,7,2013,25.05,77.09
570,23,7,2013,24.938,76.8884
571,24,7,2013,25.05,77.09
572,25,7,2013,25.238,77.4284
573,26,7,2013,26.1,78.98
574,27,7,2013,27.15,80.87
575,28,7,2013,28.15,82.67
576,29,7,2013,26.3,79.34
577,30,7,2013,24.488,76.0784
578,31,7,2013,24.9,76.82
579,1,8,2013,25.188,77.3384
580,2,8,2013,26.338,79.4084
581,3,8,2013,27.038,80.6684
582,4,8,2013,26.638,79.9484
583,5,8,2013,25.75,78.35
584,6,8,2013,25.575,78.035
585,7,8,2013,28.725,83.705
586,8,8,2013,27.35,81.23
587,9,8,2013,23.45,74.21
588,10,8,2013,23.963,75.1334
589,11,8,2013,24.513,76.1234
590,12,8,2013,24.438,75.9884
591,13,8,2013,23.9,75.02
592,14,8,2013,23.863,74.9534
593,15,8,2013,24.263,75.6734
594,16,8,2013,25.338,77.6084
595,17,8,2013,24.738,76.5284
596,18,8,2013,24.063,75.3134
597,19,8,2013,24.375,75.875
598,20,8,2013,25.2,77.36
599,21,8,2013,24.05,75.29
600,22,8,2013,24.013,75.2234
601,23,8,2013,24.025,75.245
602,24,8,2013,23.663,74.5934
603,25,8,2013,22.988,73.3784
604,26,8,2013,21.538,70.7684
605,27,8,2013,21.875,71.375
606,28,8,2013,21.113,70.0034
607,29,8,2013,22.475,72.455
608,30,8,2013,23.413,74.1434
609,31,8,2013,22.9,73.22
610,1,9,2013,23,73.4
611,2,9,2013,22.488,72.4784
612,3,9,2013,22.275,72.095
613,4,9,2013,22.888,73.1984
614,5,9,2013,22.613,72.7034
615,6,9,2013,22.9,73.22
616,7,9,2013,23.275,73.895
617,8,9,2013,23.738,74.7284
618,9,9,2013,22.6,72.68
619,10,9,2013,19.975,67.955
620,11,9,2013,19.85,67.73
621,12,9,2013,18.763,65.7734
622,13,9,2013,19.138,66.4484
623,14,9,2013,19.163,66.4934
624,15,9,2013,18.588,65.4584
625,16,9,2013,19,66.2
626,17,9,2013,18.813,65.8634
627,18,9,2013,18.588,65.4584
628,19,9,2013,20.1,68.18
629,20,9,2013,18.475,65.255
630,21,9,2013,19.513,67.1234
631,22,9,2013,19.288,66.7184
632,23,9,2013,19.063,66.3134
633,24,9,2013,18.663,65.5934
634,25,9,2013,18.463,65.2334
635,26,9,2013,18.688,65.6384
636,27,9,2013,18.788,65.8184
637,28,9,2013,20.138,68.2484
638,29,9,2013,21.813,71.2634
639,30,9,2013,20.488,68.8784
640,1,10,2013,19.963,67.9334
641,2,10,2013,20.125,68.225
642,3,10,2013,20.75,69.35
643,4,10,2013,22.2,71.96
644,5,10,2013,23.15,73.67
645,6,10,2013,20.213,68.3834
646,7,10,2013,17.363,63.2534
647,8,10,2013,NA,NA
648,9,10,2013,18.013,64.4234
649,10,10,2013,18.55,65.39
650,11,10,2013,16.388,61.4984
651,12,10,2013,15.763,60.3734
652,13,10,2013,17.738,63.9284
653,14,10,2013,17.838,64.1084
654,15,10,2013,18.25,64.85
655,16,10,2013,19.588,67.2584
656,17,10,2013,17.825,64.085
657,18,10,2013,17.775,63.995
658,19,10,2013,17.638,63.7484
659,20,10,2013,19.075,66.335
660,21,10,2013,20.113,68.2034
661,22,10,2013,20.813,69.4634
662,23,10,2013,21.938,71.4884
663,24,10,2013,20.263,68.4734
664,25,10,2013,19.513,67.1234
665,26,10,2013,18.788,65.8184
666,27,10,2013,19.15,66.47
667,28,10,2013,19.288,66.7184
668,29,10,2013,18.763,65.7734
669,30,10,2013,19.513,67.1234
670,31,10,2013,18.3,64.94
671,1,11,2013,17.475,63.455
672,2,11,2013,16.863,62.3534
673,3,11,2013,17.35,63.23
674,4,11,2013,15.675,60.215
675,5,11,2013,15.225,59.405
676,6,11,2013,17.125,62.825
677,7,11,2013,16.413,61.5434
678,8,11,2013,16.85,62.33
679,9,11,2013,16.275,61.295
680,10,11,2013,14.413,57.9434
681,11,11,2013,12.938,55.2884
682,12,11,2013,17.363,63.2534
683,13,11,2013,15.763,60.3734
684,14,11,2013,14.975,58.955
685,15,11,2013,11.575,52.835
686,16,11,2013,NA,NA
687,17,11,2013,NA,NA
688,18,11,2013,NA,NA
689,19,11,2013,13.288,55.9184
690,20,11,2013,NA,NA
691,21,11,2013,11,51.8
692,22,11,2013,8.05,46.49
693,23,11,2013,6.763,44.1734
694,24,11,2013,7.038,44.6684
695,25,11,2013,8.988,48.1784
696,26,11,2013,6.8,44.24
697,27,11,2013,4.825,40.685
698,28,11,2013,4.65,40.37
699,29,11,2013,6.238,43.2284
700,30,11,2013,6.813,44.2634
701,1,12,2013,8.938,48.0884
702,2,12,2013,12.538,54.5684
703,3,12,2013,12.388,54.2984
704,4,12,2013,10.875,51.575
705,5,12,2013,11.113,52.0034
706,6,12,2013,10.175,50.315
707,7,12,2013,9.463,49.0334
708,8,12,2013,11.088,51.9584
709,9,12,2013,9.4,48.92
710,10,12,2013,9.038,48.2684
711,11,12,2013,8.888,47.9984
712,12,12,2013,9.625,49.325
713,13,12,2013,10.7,51.26
714,14,12,2013,10.55,50.99
715,15,12,2013,10.838,51.5084
716,16,12,2013,8.85,47.93
717,17,12,2013,8.025,46.445
718,18,12,2013,7.363,45.2534
719,19,12,2013,8.3,46.94
720,20,12,2013,11.425,52.565
721,21,12,2013,11.475,52.655
722,22,12,2013,10.6,51.08
723,23,12,2013,9.363,48.8534
724,24,12,2013,11.638,52.9484
725,25,12,2013,13.163,55.6934
726,26,12,2013,11.138,52.0484
727,27,12,2013,7.813,46.0634
728,28,12,2013,9.413,48.9434
729,29,12,2013,10.45,50.81
730,30,12,2013,8.313,46.9634
731,31,12,2013,7.213,44.9834
732,1,1,2014,7.913,46.2434
733,2,1,2014,12.538,54.5684
734,3,1,2014,13.363,56.0534
735,4,1,2014,14.025,57.245
736,5,1,2014,10.425,50.765
737,6,1,2014,9.025,48.245
738,7,1,2014,NA,NA
739,8,1,2014,9.35,48.83
740,9,1,2014,9.463,49.0334
741,10,1,2014,9.05,48.29
742,11,1,2014,9.775,49.595
743,12,1,2014,10.825,51.485
744,13,1,2014,10.425,50.765
745,14,1,2014,10.725,51.305
746,15,1,2014,9.163,48.4934
747,16,1,2014,9.525,49.145
748,17,1,2014,11.6,52.88
749,18,1,2014,NA,NA
750,19,1,2014,10.538,50.9684
751,20,1,2014,10.413,50.7434
752,21,1,2014,10.413,50.7434
753,22,1,2014,9.438,48.9884
754,23,1,2014,9.163,48.4934
755,24,1,2014,8.8,47.84
756,25,1,2014,6.85,44.33
757,26,1,2014,8.563,47.4134
758,27,1,2014,11.163,52.0934
759,28,1,2014,7.913,46.2434
760,29,1,2014,6.675,44.015
761,30,1,2014,9.95,49.91
762,31,1,2014,8.988,48.1784
763,1,2,2014,7.313,45.1634
764,2,2,2014,8.488,47.2784
765,3,2,2014,9.663,49.3934
766,4,2,2014,8.6,47.48
767,5,2,2014,NA,NA
768,6,2,2014,11.663,52.9934
769,7,2,2014,NA,NA
770,8,2,2014,11.338,52.4084
771,9,2,2014,11.313,52.3634
772,10,2,2014,10.813,51.4634
773,11,2,2014,9.963,49.9334
774,12,2,2014,9.938,49.8884
775,13,2,2014,9.888,49.7984
776,14,2,2014,11.988,53.5784
777,15,2,2014,13.013,55.4234
778,16,2,2014,13.15,55.67
779,17,2,2014,12.488,54.4784
780,18,2,2014,11.55,52.79
781,19,2,2014,12.988,55.3784
782,20,2,2014,11.45,52.61
783,21,2,2014,10.413,50.7434
784,22,2,2014,9.7,49.46
785,23,2,2014,9.95,49.91
786,24,2,2014,9.488,49.0784
787,25,2,2014,8.788,47.8184
788,26,2,2014,10.088,50.1584
789,27,2,2014,9.65,49.37
790,28,2,2014,9.925,49.865
791,1,3,2014,8.413,47.1434
792,2,3,2014,9.913,49.8434
793,3,3,2014,8.825,47.885
794,4,3,2014,8.65,47.57
795,5,3,2014,8.588,47.4584
796,6,3,2014,8.95,48.11
797,7,3,2014,10.075,50.135
798,8,3,2014,10.538,50.9684
799,9,3,2014,10.775,51.395
800,10,3,2014,10.188,50.3384
801,11,3,2014,9.875,49.775
802,12,3,2014,9.588,49.2584
803,13,3,2014,9.913,49.8434
804,14,3,2014,9.888,49.7984
805,15,3,2014,10.663,51.1934
806,16,3,2014,11.225,52.205
807,17,3,2014,11.7,53.06
808,18,3,2014,12.263,54.0734
809,19,3,2014,11.013,51.8234
810,20,3,2014,12.688,54.8384
811,21,3,2014,12.925,55.265
812,22,3,2014,13.45,56.21
813,23,3,2014,12.088,53.7584
814,24,3,2014,10.375,50.675
815,25,3,2014,9.238,48.6284
816,26,3,2014,8.95,48.11
817,27,3,2014,11.15,52.07
818,28,3,2014,11.825,53.285
819,29,3,2014,11.725,53.105
820,30,3,2014,13.75,56.75
821,31,3,2014,12.775,54.995
822,1,4,2014,13,55.4
823,2,4,2014,14.413,57.9434
824,3,4,2014,19.725,67.505
825,4,4,2014,11.95,53.51
826,5,4,2014,12.163,53.8934
827,6,4,2014,13.05,55.49
828,7,4,2014,13.5,56.3
829,8,4,2014,13.6,56.48
830,9,4,2014,14.05,57.29
831,10,4,2014,13.225,55.805
832,11,4,2014,13.563,56.4134
833,12,4,2014,14.863,58.7534
834,13,4,2014,14.388,57.8984
835,14,4,2014,14.425,57.965
836,15,4,2014,14.775,58.595
837,16,4,2014,12.063,53.7134
838,17,4,2014,11.538,52.7684
839,18,4,2014,12.375,54.275
840,19,4,2014,14.263,57.6734
841,20,4,2014,13.788,56.8184
842,21,4,2014,16.338,61.4084
843,22,4,2014,15.925,60.665
844,23,4,2014,16.55,61.79
845,24,4,2014,15.1,59.18
846,25,4,2014,15.213,59.3834
847,26,4,2014,16.563,61.8134
848,27,4,2014,14.463,58.0334
849,28,4,2014,15.525,59.945
850,29,4,2014,16.163,61.0934
851,30,4,2014,14.35,57.83
852,1,5,2014,14.688,58.4384
853,2,5,2014,14.725,58.505
854,3,5,2014,14.913,58.8434
855,4,5,2014,15.125,59.225
856,5,5,2014,15.138,59.2484
857,6,5,2014,15.725,60.305
858,7,5,2014,16.213,61.1834
859,8,5,2014,15.75,60.35
860,9,5,2014,16.375,61.475
861,10,5,2014,17.175,62.915
862,11,5,2014,16.963,62.5334
863,12,5,2014,17.075,62.735
864,13,5,2014,15.538,59.9684
865,14,5,2014,15.45,59.81
866,15,5,2014,15.025,59.045
867,16,5,2014,14.863,58.7534
868,17,5,2014,14.863,58.7534
869,18,5,2014,17.05,62.69
870,19,5,2014,17.425,63.365
871,20,5,2014,18.775,65.795
872,21,5,2014,20.338,68.6084
873,22,5,2014,20.038,68.0684
874,23,5,2014,18.788,65.8184
875,24,5,2014,17.35,63.23
876,25,5,2014,16.888,62.3984
877,26,5,2014,17.663,63.7934
878,27,5,2014,16.05,60.89
879,28,5,2014,17.138,62.8484
880,29,5,2014,17.963,64.3334
881,30,5,2014,18.125,64.625
882,31,5,2014,17.625,63.725
883,1,6,2014,18.675,65.615
884,2,6,2014,19.15,66.47
885,3,6,2014,18.338,65.0084
886,4,6,2014,18.763,65.7734
887,5,6,2014,19.363,66.8534
888,6,6,2014,20.35,68.63
889,7,6,2014,21.213,70.1834
890,8,6,2014,21.988,71.5784
891,9,6,2014,22.85,73.13
892,10,6,2014,23.75,74.75
893,11,6,2014,24.325,75.785
894,12,6,2014,23.188,73.7384
895,13,6,2014,22.95,73.31
896,14,6,2014,23.163,73.6934
897,15,6,2014,22.138,71.8484
898,16,6,2014,20.575,69.035
899,17,6,2014,19.675,67.415
900,18,6,2014,19.875,67.775
901,19,6,2014,20.2,68.36
902,20,6,2014,20.85,69.53
903,21,6,2014,21.775,71.195
904,22,6,2014,23.2,73.76
905,23,6,2014,25.425,77.765
906,24,6,2014,23.825,74.885
907,25,6,2014,24.063,75.3134
908,26,6,2014,22.425,72.365
909,27,6,2014,22.975,73.355
910,28,6,2014,23.088,73.5584
911,29,6,2014,24.413,75.9434
912,30,6,2014,21.938,71.4884
913,1,7,2014,20.975,69.755
914,2,7,2014,22.563,72.6134
915,3,7,2014,26.963,80.5334
916,4,7,2014,26.263,79.2734
917,5,7,2014,22.925,73.265
918,6,7,2014,23.038,73.4684
919,7,7,2014,26,78.8
920,8,7,2014,21.738,71.1284
921,9,7,2014,22.313,72.1634
922,10,7,2014,21.063,69.9134
923,11,7,2014,20.25,68.45
924,12,7,2014,20.763,69.3734
925,13,7,2014,20.663,69.1934
926,14,7,2014,20.75,69.35
927,15,7,2014,21.413,70.5434
928,16,7,2014,22.675,72.815
929,17,7,2014,23.363,74.0534
930,18,7,2014,23.875,74.975
931,19,7,2014,24.813,76.6634
932,20,7,2014,26.6,79.88
933,21,7,2014,22.925,73.265
934,22,7,2014,22.1,71.78
935,23,7,2014,22.288,72.1184
936,24,7,2014,23.35,74.03
937,25,7,2014,23.5,74.3
938,26,7,2014,24.175,75.515
939,27,7,2014,23.288,73.9184
940,28,7,2014,23.463,74.2334
941,29,7,2014,20.388,68.6984
942,30,7,2014,20.938,69.6884
943,31,7,2014,22.25,72.05
944,1,8,2014,22.488,72.4784
945,2,8,2014,23.65,74.57
946,3,8,2014,24.175,75.515
947,4,8,2014,23.5,74.3
948,5,8,2014,23.025,73.445
949,6,8,2014,22.65,72.77
950,7,8,2014,22.75,72.95
951,8,8,2014,23.788,74.8184
952,9,8,2014,24.55,76.19
953,10,8,2014,26.025,78.845
954,11,8,2014,25.188,77.3384
955,12,8,2014,24.85,76.73
956,13,8,2014,24.025,75.245
957,14,8,2014,21.525,70.745
958,15,8,2014,21.35,70.43
959,16,8,2014,20.575,69.035
960,17,8,2014,20.25,68.45
961,18,8,2014,21.25,70.25
962,19,8,2014,23.8,74.84
963,20,8,2014,22.488,72.4784
964,21,8,2014,21.95,71.51
965,22,8,2014,21.3,70.34
966,23,8,2014,22.088,71.7584
967,24,8,2014,20.6,69.08
968,25,8,2014,20.888,69.5984
969,26,8,2014,22.7,72.86
970,27,8,2014,22.513,72.5234
971,28,8,2014,21.963,71.5334
972,29,8,2014,22.45,72.41
973,30,8,2014,23.625,74.525
974,31,8,2014,22.963,73.3334
975,1,9,2014,23.338,74.0084
976,2,9,2014,21.638,70.9484
977,3,9,2014,20.938,69.6884
978,4,9,2014,21.45,70.61
979,5,9,2014,22.063,71.7134
980,6,9,2014,21.688,71.0384
981,7,9,2014,22.175,71.915
982,8,9,2014,22.563,72.6134
983,9,9,2014,22.238,72.0284
984,10,9,2014,22.225,72.005
985,11,9,2014,22.438,72.3884
986,12,9,2014,21.9,71.42
987,13,9,2014,21.638,70.9484
988,14,9,2014,21.575,70.835
989,15,9,2014,20.65,69.17
990,16,9,2014,21.875,71.375
991,17,9,2014,22.5,72.5
992,18,9,2014,23.363,74.0534
993,19,9,2014,24.775,76.595
994,20,9,2014,24.525,76.145
995,21,9,2014,22.3,72.14
996,22,9,2014,21.863,71.3534
997,23,9,2014,19.05,66.29
998,24,9,2014,18.688,65.6384
999,25,9,2014,NA,NA
1000,26,9,2014,19.3,66.74
1001,27,9,2014,20.138,68.2484
1002,28,9,2014,20.388,68.6984
1003,29,9,2014,20.275,68.495
1004,30,9,2014,20.638,69.1484
1005,1,10,2014,21.713,71.0834
1006,2,10,2014,21,69.8
1007,3,10,2014,19.825,67.685
1008,4,10,2014,19.2,66.56
1009,5,10,2014,19.263,66.6734
1010,6,10,2014,19.3,66.74
1011,7,10,2014,20.675,69.215
1012,8,10,2014,20.75,69.35
1013,9,10,2014,23.113,73.6034
1014,10,10,2014,21.088,69.9584
1015,11,10,2014,20.275,68.495
1016,12,10,2014,20.688,69.2384
1017,13,10,2014,23.013,73.4234
1018,14,10,2014,21.25,70.25
1019,15,10,2014,21.438,70.5884
1020,16,10,2014,21.238,70.2284
1021,17,10,2014,21.963,71.5334
1022,18,10,2014,20.425,68.765
1023,19,10,2014,19.938,67.8884
1024,20,10,2014,19.088,66.3584
1025,21,10,2014,21.025,69.845
1026,22,10,2014,20.563,69.0134
1027,23,10,2014,14.725,58.505
1028,24,10,2014,15.625,60.125
1029,25,10,2014,15.913,60.6434
1030,26,10,2014,16.813,62.2634
1031,27,10,2014,16.95,62.51
1032,28,10,2014,16.238,61.2284
1033,29,10,2014,15.963,60.7334
1034,30,10,2014,15.075,59.135
1035,31,10,2014,14.588,58.2584
1036,1,11,2014,15.163,59.2934
1037,2,11,2014,14.963,58.9334
1038,3,11,2014,15.05,59.09
1039,4,11,2014,19.588,67.2584
1040,5,11,2014,15.538,59.9684
1041,6,11,2014,14.7,58.46
1042,7,11,2014,14.65,58.37
1043,8,11,2014,14.263,57.6734
1044,9,11,2014,13.813,56.8634
1045,10,11,2014,15.963,60.7334
1046,11,11,2014,16.575,61.835
1047,12,11,2014,14.363,57.8534
1048,13,11,2014,14.675,58.415
1049,14,11,2014,14.5,58.1
1050,15,11,2014,15.638,60.1484
1051,16,11,2014,11.65,52.97
1052,17,11,2014,11.925,53.465
1053,18,11,2014,12.688,54.8384
1054,19,11,2014,12.913,55.2434
1055,20,11,2014,12.65,54.77
1056,21,11,2014,12.738,54.9284
1057,22,11,2014,13.913,57.0434
1058,23,11,2014,16.488,61.6784
1059,24,11,2014,16.025,60.845
1060,25,11,2014,16.525,61.745
1061,26,11,2014,16.05,60.89
1062,27,11,2014,16.175,61.115
1063,28,11,2014,20.35,68.63
1064,29,11,2014,20.775,69.395
1065,30,11,2014,20.525,68.945
1066,1,12,2014,14.788,58.6184
1067,2,12,2014,13.325,55.985
1068,3,12,2014,13.225,55.805
1069,4,12,2014,13.613,56.5034
1070,5,12,2014,13.2,55.76
1071,6,12,2014,12.625,54.725
1072,7,12,2014,10.725,51.305
1073,8,12,2014,9.988,49.9784
1074,9,12,2014,7.963,46.3334
1075,10,12,2014,7.675,45.815
1076,11,12,2014,9.25,48.65
1077,12,12,2014,9.875,49.775
1078,13,12,2014,12.663,54.7934
1079,14,12,2014,9.913,49.8434
1080,15,12,2014,10.925,51.665
1081,16,12,2014,10.338,50.6084
1082,17,12,2014,10.9,51.62
1083,18,12,2014,11.463,52.6334
1084,19,12,2014,11.963,53.5334
1085,20,12,2014,12.1,53.78
1086,21,12,2014,11.113,52.0034
1087,22,12,2014,11.1,51.98
1088,23,12,2014,12.25,54.05
1089,24,12,2014,12.325,54.185
1090,25,12,2014,10.625,51.125
1091,26,12,2014,9.638,49.3484
1092,27,12,2014,8.713,47.6834
1093,28,12,2014,9.725,49.505
1094,29,12,2014,5.638,42.1484
1095,30,12,2014,4.363,39.8534
1096,31,12,2014,5.1,41.18
1097,1,1,2015,4.725,40.505
1098,2,1,2015,6.875,44.375
1099,3,1,2015,9.9,49.82
1100,4,1,2015,12.263,54.0734
1101,5,1,2015,8.3,46.94
1102,6,1,2015,9.763,49.5734
1103,7,1,2015,10.038,50.0684
1104,8,1,2015,9.863,49.7534
1105,9,1,2015,10.863,51.5534
1106,10,1,2015,11.425,52.565
1107,11,1,2015,11.263,52.2734
1108,12,1,2015,8.775,47.795
1109,13,1,2015,7.85,46.13
1110,14,1,2015,9.388,48.8984
1111,15,1,2015,9.15,48.47
1112,16,1,2015,12.563,54.6134
1113,17,1,2015,11.563,52.8134
1114,18,1,2015,7.125,44.825
1115,19,1,2015,7.25,45.05
1116,20,1,2015,8.463,47.2334
1117,21,1,2015,8.875,47.975
1118,22,1,2015,8.825,47.885
1119,23,1,2015,8.3,46.94
1120,24,1,2015,8.488,47.2784
1121,25,1,2015,7.775,45.995
1122,26,1,2015,6.225,43.205
1123,27,1,2015,7.175,44.915
1124,28,1,2015,7.15,44.87
1125,29,1,2015,8.55,47.39
1126,30,1,2015,11.888,53.3984
1127,31,1,2015,9.575,49.235
1128,1,2,2015,9.4,48.92
1129,2,2,2015,7.188,44.9384
1130,3,2,2015,7.475,45.455
1131,4,2,2015,9.975,49.955
1132,5,2,2015,8.4,47.12
1133,6,2,2015,7.013,44.6234
1134,7,2,2015,7.75,45.95
1135,8,2,2015,7.05,44.69
1136,9,2,2015,6.425,43.565
1137,10,2,2015,7.113,44.8034
1138,11,2,2015,8.125,46.625
1139,12,2,2015,9.013,48.2234
1140,13,2,2015,8.913,48.0434
1141,14,2,2015,8.85,47.93
1142,15,2,2015,8.963,48.1334
1143,16,2,2015,9.338,48.8084
1144,17,2,2015,11.125,52.025
1145,18,2,2015,9.738,49.5284
1146,19,2,2015,8.95,48.11
1147,20,2,2015,8.263,46.8734
1148,21,2,2015,9.3,48.74
1149,22,2,2015,9.963,49.9334
1150,23,2,2015,9.5,49.1
1151,24,2,2015,9.413,48.9434
1152,25,2,2015,9.863,49.7534
1153,26,2,2015,10.738,51.3284
1154,27,2,2015,10.738,51.3284
1155,28,2,2015,8.825,47.885
1156,1,3,2015,8.588,47.4584
1157,2,3,2015,12.4,54.32
1158,3,3,2015,11.9,53.42
1159,4,3,2015,11.35,52.43
1160,5,3,2015,9.438,48.9884
1161,6,3,2015,9.5,49.1
1162,7,3,2015,8.363,47.0534
1163,8,3,2015,8.75,47.75
1164,9,3,2015,8.138,46.6484
1165,10,3,2015,9.675,49.415
1166,11,3,2015,10.425,50.765
1167,12,3,2015,11.388,52.4984
1168,13,3,2015,9.738,49.5284
1169,14,3,2015,11.538,52.7684
1170,15,3,2015,10.975,51.755
1171,16,3,2015,9.988,49.9784
1172,17,3,2015,11.463,52.6334
1173,18,3,2015,NA,NA
1174,19,3,2015,12.075,53.735
1175,20,3,2015,12.063,53.7134
1176,21,3,2015,12.4,54.32
1177,22,3,2015,12.2,53.96
1178,23,3,2015,11.5,52.7
1179,24,3,2015,12.063,53.7134
1180,25,3,2015,13.7,56.66
1181,26,3,2015,13.075,55.535
1182,27,3,2015,12.838,55.1084
1183,28,3,2015,11.975,53.555
1184,29,3,2015,11.738,53.1284
1185,30,3,2015,14.4,57.92
1186,31,3,2015,14,57.2
1187,1,4,2015,13.25,55.85
1188,2,4,2015,10.638,51.1484
1189,3,4,2015,NA,NA
1190,4,4,2015,NA,NA
1191,5,4,2015,NA,NA
1192,6,4,2015,NA,NA
1193,7,4,2015,NA,NA
1194,8,4,2015,NA,NA
1195,9,4,2015,11.013,51.8234
1196,10,4,2015,11.588,52.8584
1197,11,4,2015,11.975,53.555
1198,12,4,2015,12.338,54.2084
1199,13,4,2015,12.813,55.0634
1200,14,4,2015,12.863,55.1534
1201,15,4,2015,13.875,56.975
1202,16,4,2015,14.9,58.82
1203,17,4,2015,16.563,61.8134
1204,18,4,2015,15.35,59.63
1205,19,4,2015,14.925,58.865
1206,20,4,2015,13.95,57.11
1207,21,4,2015,13.25,55.85
1208,22,4,2015,14.3,57.74
1209,23,4,2015,15.85,60.53
1210,24,4,2015,14.6,58.28
1211,25,4,2015,16.55,61.79
1212,26,4,2015,18.013,64.4234
1213,27,4,2015,16.713,62.0834
1214,28,4,2015,14.575,58.235
1215,29,4,2015,13.7,56.66
1216,30,4,2015,15.225,59.405
1217,1,5,2015,15.388,59.6984
1218,2,5,2015,17.625,63.725
1219,3,5,2015,18.613,65.5034
1220,4,5,2015,19.625,67.325
1221,5,5,2015,20.8,69.44
1222,6,5,2015,20.5,68.9
1223,7,5,2015,17.775,63.995
1224,8,5,2015,16.688,62.0384
1225,9,5,2015,16.863,62.3534
1226,10,5,2015,17.825,64.085
1227,11,5,2015,19.288,66.7184
1228,12,5,2015,19.438,66.9884
1229,13,5,2015,18.725,65.705
1230,14,5,2015,19.438,66.9884
1231,15,5,2015,17.863,64.1534
1232,16,5,2015,16.7,62.06
1233,17,5,2015,18.325,64.985
1234,18,5,2015,19.263,66.6734
1235,19,5,2015,18.138,64.6484
1236,20,5,2015,16.925,62.465
1237,21,5,2015,14.975,58.955
1238,22,5,2015,15.675,60.215
1239,23,5,2015,16.15,61.07
1240,24,5,2015,17.788,64.0184
1241,25,5,2015,17.413,63.3434
1242,26,5,2015,16.288,61.3184
1243,27,5,2015,17.775,63.995
1244,28,5,2015,17.95,64.31
1245,29,5,2015,17.413,63.3434
1246,30,5,2015,18.588,65.4584
1247,31,5,2015,18.413,65.1434
1248,1,6,2015,19.163,66.4934
1249,2,6,2015,19.363,66.8534
1250,3,6,2015,21.225,70.205
1251,4,6,2015,20.963,69.7334
1252,5,6,2015,21.888,71.3984
1253,6,6,2015,22.125,71.825
1254,7,6,2015,22.538,72.5684
1255,8,6,2015,22.113,71.8034
1256,9,6,2015,22.375,72.275
1257,10,6,2015,24.313,75.7634
1258,11,6,2015,24.575,76.235
1259,12,6,2015,25.363,77.6534
1260,13,6,2015,24.588,76.2584
1261,14,6,2015,22.663,72.7934
1262,15,6,2015,21.75,71.15
1263,16,6,2015,21.375,70.475
1264,17,6,2015,21.263,70.2734
1265,18,6,2015,21.775,71.195
1266,19,6,2015,22.238,72.0284
1267,20,6,2015,23.225,73.805
1268,21,6,2015,22.513,72.5234
1269,22,6,2015,21.775,71.195
1270,23,6,2015,22.1,71.78
1271,24,6,2015,22.875,73.175
1272,25,6,2015,23.35,74.03
1273,26,6,2015,21.75,71.15
1274,27,6,2015,21.875,71.375
1275,28,6,2015,23.038,73.4684
1276,29,6,2015,24.588,76.2584
1277,30,6,2015,24.125,75.425
1278,1,7,2015,25.55,77.99
1279,2,7,2015,27.275,81.095
1280,3,7,2015,26.75,80.15
1281,4,7,2015,27.063,80.7134
1282,5,7,2015,27.088,80.7584
1283,6,7,2015,26.113,79.0034
1284,7,7,2015,26.725,80.105
1285,8,7,2015,26.213,79.1834
1286,9,7,2015,24.875,76.775
1287,10,7,2015,25.863,78.5534
1288,11,7,2015,26,78.8
1289,12,7,2015,24.675,76.415
1290,13,7,2015,24.788,76.6184
1291,14,7,2015,25.863,78.5534
1292,15,7,2015,26.775,80.195
1293,16,7,2015,26.588,79.8584
1294,17,7,2015,27.838,82.1084
1295,18,7,2015,27.238,81.0284
1296,19,7,2015,28.075,82.535
1297,20,7,2015,26.425,79.565
1298,21,7,2015,26.625,79.925
1299,22,7,2015,26.363,79.4534
1300,23,7,2015,26.588,79.8584
1301,24,7,2015,27.3,81.14
1302,25,7,2015,27.2,80.96
1303,26,7,2015,24.375,75.875
1304,27,7,2015,25.213,77.3834
1305,28,7,2015,24.263,75.6734
1306,29,7,2015,23.625,74.525
1307,30,7,2015,25.238,77.4284
1308,31,7,2015,24.163,75.4934
1309,1,8,2015,24.888,76.7984
1310,2,8,2015,24.513,76.1234
1311,3,8,2015,24.15,75.47
1312,4,8,2015,25.138,77.2484
1313,5,8,2015,25,77
1314,6,8,2015,26.013,78.8234
1315,7,8,2015,26.625,79.925
1316,8,8,2015,26.938,80.4884
1317,9,8,2015,26.238,79.2284
1318,10,8,2015,22.775,72.995
1319,11,8,2015,24.063,75.3134
1320,12,8,2015,25.313,77.5634
1321,13,8,2015,25.825,78.485
1322,14,8,2015,25.138,77.2484
1323,15,8,2015,23.275,73.895
1324,16,8,2015,22.175,71.915
1325,17,8,2015,22.4,72.32
1326,18,8,2015,21.588,70.8584
1327,19,8,2015,22.213,71.9834
1328,20,8,2015,21.813,71.2634
1329,21,8,2015,22.638,72.7484
1330,22,8,2015,22.875,73.175
1331,23,8,2015,24.85,76.73
1332,24,8,2015,26.025,78.845
1333,25,8,2015,23.9,75.02
1334,26,8,2015,22.05,71.69
1335,27,8,2015,23.738,74.7284
1336,28,8,2015,24.025,75.245
1337,29,8,2015,24.213,75.5834
1338,30,8,2015,24.375,75.875
1339,31,8,2015,24.65,76.37
1340,1,9,2015,24.413,75.9434
1341,2,9,2015,23.613,74.5034
1342,3,9,2015,22.238,72.0284
1343,4,9,2015,21.988,71.5784
1344,5,9,2015,21.288,70.3184
1345,6,9,2015,19.675,67.415
1346,7,9,2015,20.325,68.585
1347,8,9,2015,21.375,70.475
1348,9,9,2015,21.363,70.4534
1349,10,9,2015,20.825,69.485
1350,11,9,2015,21.4,70.52
1351,12,9,2015,23.013,73.4234
1352,13,9,2015,23.988,75.1784
1353,14,9,2015,24.938,76.8884
1354,15,9,2015,22.65,72.77
1355,16,9,2015,23.063,73.5134
1356,17,9,2015,24.888,76.7984
1357,18,9,2015,22.438,72.3884
1358,19,9,2015,19.888,67.7984
1359,20,9,2015,20.325,68.585
1360,21,9,2015,19.425,66.965
1361,22,9,2015,19.288,66.7184
1362,23,9,2015,17.775,63.995
1363,24,9,2015,18.138,64.6484
1364,25,9,2015,19.1,66.38
1365,26,9,2015,19.413,66.9434
1366,27,9,2015,18.788,65.8184
1367,28,9,2015,18.213,64.7834
1368,29,9,2015,19.038,66.2684
1369,30,9,2015,17.35,63.23
1370,1,10,2015,17.7,63.86
1371,2,10,2015,16.775,62.195
1372,3,10,2015,18.588,65.4584
1373,4,10,2015,21.875,71.375
1374,5,10,2015,21.4,70.52
1375,6,10,2015,22.688,72.8384
1376,7,10,2015,20.413,68.7434
1377,8,10,2015,17.438,63.3884
1378,9,10,2015,17.65,63.77
1379,10,10,2015,17.988,64.3784
1380,11,10,2015,18.163,64.6934
1381,12,10,2015,18.85,65.93
1382,13,10,2015,19.638,67.3484
1383,14,10,2015,17.2,62.96
1384,15,10,2015,13.963,57.1334
1385,16,10,2015,14.975,58.955
1386,17,10,2015,14,57.2
1387,18,10,2015,17.038,62.6684
1388,19,10,2015,16.963,62.5334
1389,20,10,2015,16.938,62.4884
1390,21,10,2015,16.538,61.7684
1391,22,10,2015,15.7,60.26
1392,23,10,2015,14,57.2
1393,24,10,2015,15.45,59.81
1394,25,10,2015,14.963,58.9334
1395,26,10,2015,16.75,62.15
1396,27,10,2015,18.113,64.6034
1397,28,10,2015,18.813,65.8634
1398,29,10,2015,15.188,59.3384
1399,30,10,2015,14.088,57.3584
1400,31,10,2015,14.963,58.9334
1401,1,11,2015,14.988,58.9784
1402,2,11,2015,14.688,58.4384
1403,3,11,2015,15.963,60.7334
1404,4,11,2015,16.313,61.3634
1405,5,11,2015,16.425,61.565
1406,6,11,2015,15.263,59.4734
1407,7,11,2015,14.613,58.3034
1408,8,11,2015,13.75,56.75
1409,9,11,2015,14.425,57.965
1410,10,11,2015,17.463,63.4334
1411,11,11,2015,16.638,61.9484
1412,12,11,2015,16.488,61.6784
1413,13,11,2015,17.1,62.78
1414,14,11,2015,17.125,62.825
1415,15,11,2015,15.113,59.2034
1416,16,11,2015,14.188,57.5384
1417,17,11,2015,13.825,56.885
1418,18,11,2015,14.838,58.7084
1419,19,11,2015,15.35,59.63
1420,20,11,2015,15.263,59.4734
1421,21,11,2015,15.888,60.5984
1422,22,11,2015,8.25,46.85
1423,23,11,2015,8.963,48.1334
1424,24,11,2015,9.338,48.8084
1425,25,11,2015,7.65,45.77
1426,26,11,2015,8.475,47.255
1427,27,11,2015,8.625,47.525
1428,28,11,2015,8.6,47.48
1429,29,11,2015,9.275,48.695
1430,30,11,2015,10.6,51.08
1431,1,12,2015,11.238,52.2284
1432,2,12,2015,11.4,52.52
1433,3,12,2015,11.35,52.43
1434,4,12,2015,12.125,53.825
1435,5,12,2015,12.625,54.725
1436,6,12,2015,12.15,53.87
1437,7,12,2015,NA,NA
1438,8,12,2015,11.788,53.2184
1439,9,12,2015,10.475,50.855
1440,10,12,2015,11.038,51.8684
1441,11,12,2015,8.913,48.0434
1442,12,12,2015,10.025,50.045
1443,13,12,2015,9.313,48.7634
1444,14,12,2015,9.35,48.83
1445,15,12,2015,9.513,49.1234
1446,16,12,2015,12.15,53.87
1447,17,12,2015,10.925,51.665
1448,18,12,2015,10.225,50.405
1449,19,12,2015,13.05,55.49
1450,20,12,2015,10.888,51.5984
1451,21,12,2015,10.425,50.765
1452,22,12,2015,12.725,54.905
1453,23,12,2015,10.1,50.18
1454,24,12,2015,10.213,50.3834
1455,25,12,2015,9.8,49.64
1456,26,12,2015,10.575,51.035
1457,27,12,2015,10.688,51.2384
1458,28,12,2015,11.2,52.16
1459,29,12,2015,9.863,49.7534
1460,30,12,2015,11.863,53.3534
1461,31,12,2015,11.388,52.4984
1462,1,1,2016,12.825,55.085
1463,2,1,2016,13.825,56.885
1464,3,1,2016,12.8,55.04
1465,4,1,2016,11.613,52.9034
1466,5,1,2016,11.175,52.115
1467,6,1,2016,10.65,51.17
1468,7,1,2016,11.275,52.295
1469,8,1,2016,12.963,55.3334
1470,9,1,2016,14.538,58.1684
1471,10,1,2016,15.588,60.0584
1472,11,1,2016,14.975,58.955
1473,12,1,2016,13.3,55.94
1474,13,1,2016,10.15,50.27
1475,14,1,2016,9.975,49.955
1476,15,1,2016,9.325,48.785
1477,16,1,2016,4.613,40.3034
1478,17,1,2016,4.088,39.3584
1479,18,1,2016,5,41
1480,19,1,2016,6.913,44.4434
1481,20,1,2016,8.025,46.445
1482,21,1,2016,8.513,47.3234
1483,22,1,2016,8.213,46.7834
1484,23,1,2016,7.763,45.9734
1485,24,1,2016,8.963,48.1334
1486,25,1,2016,8.675,47.615
1487,26,1,2016,11.75,53.15
1488,27,1,2016,10.875,51.575
1489,28,1,2016,10.325,50.585
1490,29,1,2016,11.638,52.9484
1491,30,1,2016,11.163,52.0934
1492,31,1,2016,11.838,53.3084
1493,1,2,2016,13.438,56.1884
1494,2,2,2016,11.725,53.105
1495,3,2,2016,11.425,52.565
1496,4,2,2016,8.338,47.0084
1497,5,2,2016,8.913,48.0434
1498,6,2,2016,10.138,50.2484
1499,7,2,2016,12.338,54.2084
1500,8,2,2016,11.25,52.25
1501,9,2,2016,11.763,53.1734
1502,10,2,2016,11.588,52.8584
1503,11,2,2016,9.3,48.74
1504,12,2,2016,11,51.8
1505,13,2,2016,12.225,54.005
1506,14,2,2016,12.363,54.2534
1507,15,2,2016,8.025,46.445
1508,16,2,2016,11.113,52.0034
1509,17,2,2016,10.575,51.035
1510,18,2,2016,8.3,46.94
1511,19,2,2016,8.438,47.1884
1512,20,2,2016,9.188,48.5384
1513,21,2,2016,10.288,50.5184
1514,22,2,2016,12.738,54.9284
1515,23,2,2016,12.925,55.265
1516,24,2,2016,12.338,54.2084
1517,25,2,2016,10.8,51.44
1518,26,2,2016,10.425,50.765
1519,27,2,2016,11.788,53.2184
1520,28,2,2016,9.125,48.425
1521,29,2,2016,11,51.8
1522,1,3,2016,9.613,49.3034
1523,2,3,2016,10.9,51.62
1524,3,3,2016,12.275,54.095
1525,4,3,2016,10.35,50.63
1526,5,3,2016,11.875,53.375
1527,6,3,2016,9.188,48.5384
1528,7,3,2016,8.375,47.075
1529,8,3,2016,8.25,46.85
1530,9,3,2016,7.863,46.1534
1531,10,3,2016,8.938,48.0884
1532,11,3,2016,10.588,51.0584
1533,12,3,2016,9.975,49.955
1534,13,3,2016,9.613,49.3034
1535,14,3,2016,10.15,50.27
1536,15,3,2016,10.55,50.99
1537,16,3,2016,9.55,49.19
1538,17,3,2016,9.6,49.28
1539,18,3,2016,10.725,51.305
1540,19,3,2016,10.4,50.72
1541,20,3,2016,11.338,52.4084
1542,21,3,2016,12.863,55.1534
1543,22,3,2016,13.325,55.985
1544,23,3,2016,13.738,56.7284
1545,24,3,2016,11.2,52.16
1546,25,3,2016,10.525,50.945
1547,26,3,2016,12.238,54.0284
1548,27,3,2016,12.688,54.8384
1549,28,3,2016,14.038,57.2684
1550,29,3,2016,13.338,56.0084
1551,30,3,2016,13.95,57.11
1552,31,3,2016,18.775,65.795
1553,1,4,2016,15.513,59.9234
1554,2,4,2016,17.025,62.645
1555,3,4,2016,15.313,59.5634
1556,4,4,2016,16.575,61.835
1557,5,4,2016,17.088,62.7584
1558,6,4,2016,15.875,60.575
1559,7,4,2016,15,59
1560,8,4,2016,13.463,56.2334
1561,9,4,2016,11.35,52.43
1562,10,4,2016,12.588,54.6584
1563,11,4,2016,14.488,58.0784
1564,12,4,2016,15.15,59.27
1565,13,4,2016,15.438,59.7884
1566,14,4,2016,14.613,58.3034
1567,15,4,2016,14.025,57.245
1568,16,4,2016,16.425,61.565
1569,17,4,2016,15.75,60.35
1570,18,4,2016,16.65,61.97
1571,19,4,2016,13.8,56.84
1572,20,4,2016,14,57.2
1573,21,4,2016,15.55,59.99
1574,22,4,2016,15.9,60.62
1575,23,4,2016,14.388,57.8984
1576,24,4,2016,15.063,59.1134
1577,25,4,2016,12.613,54.7034
1578,26,4,2016,12.8,55.04
1579,27,4,2016,14.025,57.245
1580,28,4,2016,13.238,55.8284
1581,29,4,2016,14.35,57.83
1582,30,4,2016,12.6,54.68
1583,1,5,2016,12.375,54.275
1584,2,5,2016,13.15,55.67
1585,3,5,2016,14.413,57.9434
1586,4,5,2016,15.163,59.2934
1587,5,5,2016,16.688,62.0384
1588,6,5,2016,16.35,61.43
1589,7,5,2016,17.7,63.86
1590,8,5,2016,17.963,64.3334
1591,9,5,2016,NA,NA
1592,10,5,2016,19.975,67.955
1593,11,5,2016,17.988,64.3784
1594,12,5,2016,16.95,62.51
1595,13,5,2016,17.225,63.005
1596,14,5,2016,17.063,62.7134
1597,15,5,2016,NA,NA
1598,16,5,2016,16.1,60.98
1599,17,5,2016,16.288,61.3184
1600,18,5,2016,16.313,61.3634
1601,19,5,2016,14.7,58.46
1602,20,5,2016,16.963,62.5334
1603,21,5,2016,16.95,62.51
1604,22,5,2016,18.625,65.525
1605,23,5,2016,16.488,61.6784
1606,24,5,2016,16.688,62.0384
1607,25,5,2016,16.388,61.4984
1608,26,5,2016,18.125,64.625
1609,27,5,2016,19.663,67.3934
1610,28,5,2016,18.375,65.075
1611,29,5,2016,19.413,66.9434
1612,30,5,2016,18.613,65.5034
1613,31,5,2016,17.35,63.23
1614,1,6,2016,15.188,59.3384
1615,2,6,2016,16.925,62.465
1616,3,6,2016,17.613,63.7034
1617,4,6,2016,19.313,66.7634
1618,5,6,2016,19.35,66.83
1619,6,6,2016,19.4,66.92
1620,7,6,2016,19.95,67.91
1621,8,6,2016,20.35,68.63
1622,9,6,2016,21.2,70.16
1623,10,6,2016,21.463,70.6334
1624,11,6,2016,20.375,68.675
1625,12,6,2016,20.163,68.2934
1626,13,6,2016,20.725,69.305
1627,14,6,2016,20.7,69.26
1628,15,6,2016,20.938,69.6884
1629,16,6,2016,22.163,71.8934
1630,17,6,2016,20.675,69.215
1631,18,6,2016,20.125,68.225
1632,19,6,2016,18.075,64.535
1633,20,6,2016,19.375,66.875
1634,21,6,2016,20.675,69.215
1635,22,6,2016,22.025,71.645
1636,23,6,2016,23.288,73.9184
1637,24,6,2016,23.25,73.85
1638,25,6,2016,22.9,73.22
1639,26,6,2016,22.588,72.6584
1640,27,6,2016,20.925,69.665
1641,28,6,2016,21.163,70.0934
1642,29,6,2016,22.325,72.185
1643,30,6,2016,24.275,75.695
1644,1,7,2016,23.875,74.975
1645,2,7,2016,23.825,74.885
1646,3,7,2016,22.675,72.815
1647,4,7,2016,22.938,73.2884
1648,5,7,2016,24.625,76.325
1649,6,7,2016,23.663,74.5934
1650,7,7,2016,28.013,82.4234
1651,8,7,2016,23.788,74.8184
1652,9,7,2016,24.3,75.74
1653,10,7,2016,26.125,79.025
1654,11,7,2016,25.875,78.575
1655,12,7,2016,26.013,78.8234
1656,13,7,2016,23.65,74.57
1657,14,7,2016,21.5,70.7
1658,15,7,2016,21.775,71.195
1659,16,7,2016,21,69.8
1660,17,7,2016,21.5,70.7
1661,18,7,2016,22.588,72.6584
1662,19,7,2016,23.925,75.065
1663,20,7,2016,23.775,74.795
1664,21,7,2016,23.125,73.625
1665,22,7,2016,26.35,79.43
1666,23,7,2016,26.275,79.295
1667,24,7,2016,22.913,73.2434
1668,25,7,2016,23.463,74.2334
1669,26,7,2016,23.925,75.065
1670,27,7,2016,24.038,75.2684
1671,28,7,2016,23.688,74.6384
1672,29,7,2016,23.688,74.6384
1673,30,7,2016,24.188,75.5384
1674,31,7,2016,24.9,76.82
1675,1,8,2016,24.75,76.55
1676,2,8,2016,23.475,74.255
1677,3,8,2016,23.925,75.065
1678,4,8,2016,23.888,74.9984
1679,5,8,2016,23.438,74.1884
1680,6,8,2016,23.763,74.7734
1681,7,8,2016,23.988,75.1784
1682,8,8,2016,23.7,74.66
1683,9,8,2016,23.413,74.1434
1684,10,8,2016,22,71.6
1685,11,8,2016,22.325,72.185
1686,12,8,2016,22.35,72.23
1687,13,8,2016,22.525,72.545
1688,14,8,2016,23.15,73.67
1689,15,8,2016,23.85,74.93
1690,16,8,2016,23.35,74.03
1691,17,8,2016,23.463,74.2334
1692,18,8,2016,24.15,75.47
1693,19,8,2016,23.875,74.975
1694,20,8,2016,24.613,76.3034
1695,21,8,2016,23.588,74.4584
1696,22,8,2016,22.688,72.8384
1697,23,8,2016,22.788,73.0184
1698,24,8,2016,22.913,73.2434
1699,25,8,2016,23.213,73.7834
1700,26,8,2016,23.15,73.67
1701,27,8,2016,23.413,74.1434
1702,28,8,2016,22.563,72.6134
1703,29,8,2016,23.125,73.625
1704,30,8,2016,24.038,75.2684
1705,31,8,2016,24.275,75.695
1706,1,9,2016,24.325,75.785
1707,2,9,2016,23.8,74.84
1708,3,9,2016,23.463,74.2334
1709,4,9,2016,23.175,73.715
1710,5,9,2016,24.413,75.9434
1711,6,9,2016,23.625,74.525
1712,7,9,2016,22.488,72.4784
1713,8,9,2016,22.638,72.7484
1714,9,9,2016,22.938,73.2884
1715,10,9,2016,23.738,74.7284
1716,11,9,2016,23.2,73.76
1717,12,9,2016,23.038,73.4684
1718,13,9,2016,23.75,74.75
1719,14,9,2016,24,75.2
1720,15,9,2016,23.238,73.8284
1721,16,9,2016,20.938,69.6884
1722,17,9,2016,19.975,67.955
1723,18,9,2016,16.363,61.4534
1724,19,9,2016,18.975,66.155
1725,20,9,2016,19.625,67.325
1726,21,9,2016,20.1,68.18
1727,22,9,2016,19.513,67.1234
1728,23,9,2016,19.725,67.505
1729,24,9,2016,20.275,68.495
1730,25,9,2016,20.2,68.36
1731,26,9,2016,19.963,67.9334
1732,27,9,2016,19.888,67.7984
1733,28,9,2016,19.563,67.2134
1734,29,9,2016,19.388,66.8984
1735,30,9,2016,18.538,65.3684
1736,1,10,2016,19.95,67.91
1737,2,10,2016,20.438,68.7884
1738,3,10,2016,19.613,67.3034
1739,4,10,2016,18.375,65.075
1740,5,10,2016,17.838,64.1084
1741,6,10,2016,NA,NA
1742,7,10,2016,18.288,64.9184
1743,8,10,2016,17.775,63.995
1744,9,10,2016,16.488,61.6784
1745,10,10,2016,15.913,60.6434
1746,11,10,2016,13.363,56.0534
1747,12,10,2016,13.588,56.4584
1748,13,10,2016,17.65,63.77
1749,14,10,2016,22.138,71.8484
1750,15,10,2016,18.413,65.1434
1751,16,10,2016,16.938,62.4884
1752,17,10,2016,16.75,62.15
1753,18,10,2016,17,62.6
1754,19,10,2016,16.163,61.0934
1755,20,10,2016,15.588,60.0584
1756,21,10,2016,14.288,57.7184
1757,22,10,2016,14.388,57.8984
1758,23,10,2016,19.613,67.3034
1759,24,10,2016,20.4,68.72
1760,25,10,2016,21,69.8
1761,26,10,2016,20.975,69.755
1762,27,10,2016,18.288,64.9184
1763,28,10,2016,15.575,60.035
1764,29,10,2016,15.375,59.675
1765,30,10,2016,14.988,58.9784
1766,31,10,2016,14.988,58.9784
1767,1,11,2016,14.863,58.7534
1768,2,11,2016,15.463,59.8334
1769,3,11,2016,15.638,60.1484
1770,4,11,2016,14.575,58.235
1771,5,11,2016,17.925,64.265
1772,6,11,2016,16.525,61.745
1773,7,11,2016,10.9,51.62
1774,8,11,2016,NA,NA
1775,9,11,2016,9.913,49.8434
1776,10,11,2016,15.563,60.0134
1777,11,11,2016,16.163,61.0934
1778,12,11,2016,11.163,52.0934
1779,13,11,2016,11.088,51.9584
1780,14,11,2016,12.025,53.645
1781,15,11,2016,12.388,54.2984
1782,16,11,2016,11.75,53.15
1783,17,11,2016,12.675,54.815
1784,18,11,2016,15.338,59.6084
1785,19,11,2016,14.85,58.73
1786,20,11,2016,13.55,56.39
1787,21,11,2016,15.325,59.585
1788,22,11,2016,16.213,61.1834
1789,23,11,2016,19.013,66.2234
1790,24,11,2016,18.238,64.8284
1791,25,11,2016,13.138,55.6484
1792,26,11,2016,11.638,52.9484
1793,27,11,2016,11.013,51.8234
1794,28,11,2016,11.15,52.07
1795,29,11,2016,10.325,50.585
1796,30,11,2016,8.15,46.67
1797,1,12,2016,8.888,47.9984
1798,2,12,2016,11.463,52.6334
1799,3,12,2016,10.463,50.8334
1800,4,12,2016,11.138,52.0484
1801,5,12,2016,14.325,57.785
1802,6,12,2016,13.688,56.6384
1803,7,12,2016,11.05,51.89
1804,8,12,2016,10.475,50.855
1805,9,12,2016,9.613,49.3034
1806,10,12,2016,10.7,51.26
1807,11,12,2016,13.45,56.21
1808,12,12,2016,12.575,54.635
1809,13,12,2016,9.75,49.55
1810,14,12,2016,10.7,51.26
1811,15,12,2016,11.288,52.3184
1812,16,12,2016,11.213,52.1834
1813,17,12,2016,10.088,50.1584
1814,18,12,2016,8.388,47.0984
1815,19,12,2016,8.188,46.7384
1816,20,12,2016,11.675,53.015
1817,21,12,2016,12.163,53.8934
1818,22,12,2016,11.775,53.195
1819,23,12,2016,11.188,52.1384
1820,24,12,2016,10.813,51.4634
1821,25,12,2016,9.513,49.1234
1822,26,12,2016,10.613,51.1034
1823,27,12,2016,11.713,53.0834
1824,28,12,2016,9.663,49.3934
1825,29,12,2016,9.1,48.38
1826,30,12,2016,8.675,47.615
1827,31,12,2016,9.313,48.7634
1828,1,1,2017,9.325,48.785
1829,2,1,2017,10.45,50.81
1830,3,1,2017,10.138,50.2484
1831,4,1,2017,8.325,46.985
1832,5,1,2017,6.925,44.465
1833,6,1,2017,3.538,38.3684
1834,7,1,2017,3.625,38.525
1835,8,1,2017,7.825,46.085
1836,9,1,2017,6.85,44.33
1837,10,1,2017,8.813,47.8634
1838,11,1,2017,7.025,44.645
1839,12,1,2017,10.388,50.6984
1840,13,1,2017,11.913,53.4434
1841,14,1,2017,6.475,43.655
1842,15,1,2017,4.825,40.685
1843,16,1,2017,3.575,38.435
1844,17,1,2017,4.75,40.55
1845,18,1,2017,7.625,45.725
1846,19,1,2017,6.1,42.98
1847,20,1,2017,5.763,42.3734
1848,21,1,2017,9.175,48.515
1849,22,1,2017,10.875,51.575
1850,23,1,2017,9.963,49.9334
1851,24,1,2017,9.65,49.37
1852,25,1,2017,9.438,48.9884
1853,26,1,2017,9.375,48.875
1854,27,1,2017,10.475,50.855
1855,28,1,2017,11.888,53.3984
1856,29,1,2017,10.65,51.17
1857,30,1,2017,9.975,49.955
1858,31,1,2017,11.338,52.4084
1859,1,2,2017,9.713,49.4834
1860,2,2,2017,11.675,53.015
1861,3,2,2017,13.388,56.0984
1862,4,2,2017,12.913,55.2434
1863,5,2,2017,12.238,54.0284
1864,6,2,2017,10.713,51.2834
1865,7,2,2017,9.888,49.7984
1866,8,2,2017,8.9,48.02
1867,9,2,2017,10.313,50.5634
1868,10,2,2017,10.163,50.2934
1869,11,2,2017,9.363,48.8534
1870,12,2,2017,11.913,53.4434
1871,13,2,2017,11.825,53.285
1872,14,2,2017,11.863,53.3534
1873,15,2,2017,12.388,54.2984
1874,16,2,2017,10.088,50.1584
1875,17,2,2017,10.4,50.72
1876,18,2,2017,12.238,54.0284
1877,19,2,2017,9.163,48.4934
1878,20,2,2017,9.963,49.9334
1879,21,2,2017,10.188,50.3384
1880,22,2,2017,11.913,53.4434
1881,23,2,2017,12.2,53.96
1882,24,2,2017,13.263,55.8734
1883,25,2,2017,10.663,51.1934
1884,26,2,2017,10.7,51.26
1885,27,2,2017,9.825,49.685
1886,28,2,2017,12.563,54.6134
1887,1,3,2017,11.938,53.4884
1888,2,3,2017,11.888,53.3984
1889,3,3,2017,11,51.8
1890,4,3,2017,13.4,56.12
1891,5,3,2017,11.25,52.25
1892,6,3,2017,13.163,55.6934
1893,7,3,2017,12.45,54.41
1894,8,3,2017,10.088,50.1584
1895,9,3,2017,10.875,51.575
1896,10,3,2017,11.7,53.06
1897,11,3,2017,11.875,53.375
1898,12,3,2017,10.888,51.5984
1899,13,3,2017,12.113,53.8034
1900,14,3,2017,11.4,52.52
1901,15,3,2017,11.463,52.6334
1902,16,3,2017,11.35,52.43
1903,17,3,2017,10.763,51.3734
1904,18,3,2017,11.4,52.52
1905,19,3,2017,13.213,55.7834
1906,20,3,2017,13.45,56.21
1907,21,3,2017,14.663,58.3934
1908,22,3,2017,13.575,56.435
1909,23,3,2017,14.013,57.2234
1910,24,3,2017,17.625,63.725
1911,25,3,2017,14.15,57.47
1912,26,3,2017,11.038,51.8684
1913,27,3,2017,11.275,52.295
1914,28,3,2017,10.9,51.62
1915,29,3,2017,11.3,52.34
1916,30,3,2017,11.925,53.465
1917,31,3,2017,12.475,54.455
1918,1,4,2017,13.963,57.1334
1919,2,4,2017,12.563,54.6134
1920,3,4,2017,14.038,57.2684
1921,4,4,2017,14.225,57.605
1922,5,4,2017,13.475,56.255
1923,6,4,2017,13.063,55.5134
1924,7,4,2017,13.263,55.8734
1925,8,4,2017,14.325,57.785
1926,9,4,2017,14.9,58.82
1927,10,4,2017,14.775,58.595
1928,11,4,2017,14.25,57.65
1929,12,4,2017,16.138,61.0484
1930,13,4,2017,15.113,59.2034
1931,14,4,2017,15.175,59.315
1932,15,4,2017,15.6,60.08
1933,16,4,2017,15.75,60.35
1934,17,4,2017,14.963,58.9334
1935,18,4,2017,15.15,59.27
1936,19,4,2017,13.5,56.3
1937,20,4,2017,10.638,51.1484
1938,21,4,2017,11.388,52.4984
1939,22,4,2017,11.713,53.0834
1940,23,4,2017,12.475,54.455
1941,24,4,2017,13.85,56.93
1942,25,4,2017,14.7,58.46
1943,26,4,2017,16.75,62.15
1944,27,4,2017,15.113,59.2034
1945,28,4,2017,12.75,54.95
1946,29,4,2017,12.613,54.7034
1947,30,4,2017,13.638,56.5484
1948,1,5,2017,12.85,55.13
1949,2,5,2017,13.988,57.1784
1950,3,5,2017,15.288,59.5184
1951,4,5,2017,15.75,60.35
1952,5,5,2017,16.888,62.3984
1953,6,5,2017,17.213,62.9834
1954,7,5,2017,15.863,60.5534
1955,8,5,2017,15.225,59.405
1956,9,5,2017,15.65,60.17
1957,10,5,2017,16.888,62.3984
1958,11,5,2017,18.225,64.805
1959,12,5,2017,16.463,61.6334
1960,13,5,2017,17.025,62.645
1961,14,5,2017,17.338,63.2084
1962,15,5,2017,16.875,62.375
1963,16,5,2017,17.438,63.3884
1964,17,5,2017,18.963,66.1334
1965,18,5,2017,19.1,66.38
1966,19,5,2017,19.375,66.875
1967,20,5,2017,16.013,60.8234
1968,21,5,2017,16.525,61.745
1969,22,5,2017,18.088,64.5584
1970,23,5,2017,18.55,65.39
1971,24,5,2017,17.938,64.2884
1972,25,5,2017,19.163,66.4934
1973,26,5,2017,20.425,68.765
1974,27,5,2017,20.9,69.62
1975,28,5,2017,20.738,69.3284
1976,29,5,2017,21.7,71.06
1977,30,5,2017,21.163,70.0934
1978,31,5,2017,20.838,69.5084
1979,1,6,2017,21.125,70.025
1980,2,6,2017,21.8,71.24
1981,3,6,2017,21.938,71.4884
1982,4,6,2017,21.475,70.655
1983,5,6,2017,20.8,69.44
1984,6,6,2017,21.875,71.375
1985,7,6,2017,19.625,67.325
1986,8,6,2017,19.65,67.37
1987,9,6,2017,21.463,70.6334
1988,10,6,2017,20.788,69.4184
1989,11,6,2017,22.538,72.5684
1990,12,6,2017,23,73.4
1991,13,6,2017,23.45,74.21
1992,14,6,2017,23.963,75.1334
1993,15,6,2017,24.325,75.785
1994,16,6,2017,24.338,75.8084
1995,17,6,2017,24.638,76.3484
1996,18,6,2017,25.875,78.575
1997,19,6,2017,23.813,74.8634
1998,20,6,2017,NA,NA
1999,21,6,2017,24.15,75.47
2000,22,6,2017,24.588,76.2584
2001,23,6,2017,24.788,76.6184
2002,24,6,2017,25.15,77.27
2003,25,6,2017,25.063,77.1134
2004,26,6,2017,25.763,78.3734
2005,27,6,2017,26.338,79.4084
2006,28,6,2017,26.4,79.52
2007,29,6,2017,22.988,73.3784
2008,30,6,2017,20.613,69.1034
2009,1,7,2017,20.413,68.7434
2010,2,7,2017,21.838,71.3084
2011,3,7,2017,22.463,72.4334
2012,4,7,2017,23.288,73.9184
2013,5,7,2017,24.563,76.2134
2014,6,7,2017,25.613,78.1034
2015,7,7,2017,25.388,77.6984
2016,8,7,2017,25.588,78.0584
2017,9,7,2017,26.213,79.1834
2018,10,7,2017,25.05,77.09
2019,11,7,2017,26.138,79.0484
2020,12,7,2017,25.188,77.3384
2021,13,7,2017,24.85,76.73
2022,14,7,2017,24.013,75.2234
2023,15,7,2017,24.788,76.6184
2024,16,7,2017,25.075,77.135
2025,17,7,2017,24.313,75.7634
2026,18,7,2017,24.725,76.505
2027,19,7,2017,24.725,76.505
2028,20,7,2017,25.575,78.035
2029,21,7,2017,25.725,78.305
2030,22,7,2017,26.588,79.8584
2031,23,7,2017,25.513,77.9234
2032,24,7,2017,25.688,78.2384
2033,25,7,2017,23.825,74.885
2034,26,7,2017,22.5,72.5
2035,27,7,2017,22.35,72.23
2036,28,7,2017,23.563,74.4134
2037,29,7,2017,24.4,75.92
2038,30,7,2017,24.8,76.64
2039,31,7,2017,25.913,78.6434
2040,1,8,2017,29.063,84.3134
2041,2,8,2017,29.088,84.3584
2042,3,8,2017,28.925,84.065
2043,4,8,2017,27.913,82.2434
2044,5,8,2017,26.713,80.0834
2045,6,8,2017,26.438,79.5884
2046,7,8,2017,25.3,77.54
2047,8,8,2017,25.55,77.99
2048,9,8,2017,26.075,78.935
2049,10,8,2017,23.825,74.885
2050,11,8,2017,21.5,70.7
2051,12,8,2017,21.8,71.24
2052,13,8,2017,21.938,71.4884
2053,14,8,2017,23.663,74.5934
2054,15,8,2017,24.4,75.92
2055,16,8,2017,25.175,77.315
2056,17,8,2017,24.488,76.0784
2057,18,8,2017,24.513,76.1234
2058,19,8,2017,23.413,74.1434
2059,20,8,2017,21.975,71.555
2060,21,8,2017,22.838,73.1084
2061,22,8,2017,23.225,73.805
2062,23,8,2017,23.3,73.94
2063,24,8,2017,23.25,73.85
2064,25,8,2017,23.875,74.975
2065,26,8,2017,23.913,75.0434
2066,27,8,2017,23.788,74.8184
2067,28,8,2017,24.988,76.9784
2068,29,8,2017,NA,NA
2069,30,8,2017,NA,NA
2070,31,8,2017,25.55,77.99
2071,1,9,2017,NA,NA
2072,2,9,2017,20.175,68.315
2073,3,9,2017,19.475,67.055
2074,4,9,2017,20.725,69.305
2075,5,9,2017,20.938,69.6884
2076,6,9,2017,21.788,71.2184
2077,7,9,2017,21.238,70.2284
2078,8,9,2017,21.063,69.9134
2079,9,9,2017,23.1,73.58
2080,10,9,2017,19.875,67.775
2081,11,9,2017,20.125,68.225
2082,12,9,2017,19.425,66.965
2083,13,9,2017,18.85,65.93
2084,14,9,2017,21.025,69.845
2085,15,9,2017,20.375,68.675
2086,16,9,2017,18.5,65.3
2087,17,9,2017,17.475,63.455
2088,18,9,2017,16.5,61.7
2089,19,9,2017,16.538,61.7684
2090,20,9,2017,16.025,60.845
2091,21,9,2017,16.813,62.2634
2092,22,9,2017,17.663,63.7934
2093,23,9,2017,19.013,66.2234
2094,24,9,2017,18.813,65.8634
2095,25,9,2017,19,66.2
2096,26,9,2017,19.025,66.245
2097,27,9,2017,18.15,64.67
2098,28,9,2017,18.275,64.895
2099,29,9,2017,18.138,64.6484
2100,30,9,2017,18.613,65.5034
2101,1,10,2017,17.388,63.2984
2102,2,10,2017,18.825,65.885
2103,3,10,2017,18.713,65.6834
2104,4,10,2017,19.313,66.7634
2105,5,10,2017,19.288,66.7184
2106,6,10,2017,18.438,65.1884
2107,7,10,2017,17.538,63.5684
2108,8,10,2017,16.838,62.3084
2109,9,10,2017,17.6,63.68
2110,10,10,2017,17.775,63.995
2111,11,10,2017,17.788,64.0184
2112,12,10,2017,17.313,63.1634
2113,13,10,2017,17.825,64.085
2114,14,10,2017,17.463,63.4334
2115,15,10,2017,17.038,62.6684
2116,16,10,2017,16.575,61.835
2117,17,10,2017,16.375,61.475
2118,18,10,2017,16.488,61.6784
2119,19,10,2017,17.5,63.5
2120,20,10,2017,18.225,64.805
2121,21,10,2017,18.388,65.0984
2122,22,10,2017,18.088,64.5584
2123,23,10,2017,15.525,59.945
2124,24,10,2017,14.263,57.6734
2125,25,10,2017,14.913,58.8434
2126,26,10,2017,15.163,59.2934
2127,27,10,2017,17.088,62.7584
2128,28,10,2017,16.538,61.7684
2129,29,10,2017,15.375,59.675
2130,30,10,2017,15.613,60.1034
2131,31,10,2017,15.813,60.4634
2132,1,11,2017,15.725,60.305
2133,2,11,2017,15.475,59.855
2134,3,11,2017,16.363,61.4534
2135,4,11,2017,15.388,59.6984
2136,5,11,2017,16.213,61.1834
2137,6,11,2017,10.888,51.5984
2138,7,11,2017,10.788,51.4184
2139,8,11,2017,11.263,52.2734
2140,9,11,2017,11.025,51.845
2141,10,11,2017,12.263,54.0734
2142,11,11,2017,11.838,53.3084
2143,12,11,2017,14.963,58.9334
2144,13,11,2017,9.725,49.505
2145,14,11,2017,NA,NA
2146,15,11,2017,12.4,54.32
2147,16,11,2017,11.975,53.555
2148,17,11,2017,11.3,52.34
2149,18,11,2017,12.075,53.735
2150,19,11,2017,10.938,51.6884
2151,20,11,2017,11.45,52.61
2152,21,11,2017,12.963,55.3334
2153,22,11,2017,11.088,51.9584
2154,23,11,2017,11.5,52.7
2155,24,11,2017,11.388,52.4984
2156,25,11,2017,15.3,59.54
2157,26,11,2017,10.075,50.135
2158,27,11,2017,7.363,45.2534
2159,28,11,2017,8.475,47.255
2160,29,11,2017,NA,NA
2161,30,11,2017,7.525,45.545
2162,1,12,2017,5.888,42.5984
2163,2,12,2017,7.225,45.005
2164,3,12,2017,7.925,46.265
2165,4,12,2017,6.55,43.79
2166,5,12,2017,7.575,45.635
2167,6,12,2017,7.725,45.905
2168,7,12,2017,10,50
2169,8,12,2017,11.463,52.6334
2170,9,12,2017,8.725,47.705
2171,10,12,2017,8.825,47.885
2172,11,12,2017,17.1,62.78
2173,12,12,2017,11.838,53.3084
2174,13,12,2017,9.4,48.92
2175,14,12,2017,12.925,55.265
2176,15,12,2017,11.088,51.9584
2177,16,12,2017,9.825,49.685
2178,17,12,2017,5.263,41.4734
2179,18,12,2017,6.088,42.9584
2180,19,12,2017,7.738,45.9284
2181,20,12,2017,5.738,42.3284
2182,21,12,2017,NA,NA
2183,22,12,2017,6.5,43.7
2184,23,12,2017,7.375,45.275
2185,24,12,2017,8.288,46.9184
2186,25,12,2017,11.988,53.5784
2187,26,12,2017,10,50
2188,27,12,2017,10.938,51.6884
2189,28,12,2017,9.05,48.29
2190,29,12,2017,6.325,43.385
2191,30,12,2017,11,51.8
2192,31,12,2017,10.75,51.35
2193,1,1,2018,12.225,54.005
2194,2,1,2018,11.613,52.9034
2195,3,1,2018,12.825,55.085
2196,4,1,2018,15.188,59.3384
2197,5,1,2018,12.6,54.68
2198,6,1,2018,13.038,55.4684
2199,7,1,2018,19.063,66.3134
2200,8,1,2018,19,66.2
2201,9,1,2018,12.038,53.6684
2202,10,1,2018,9.85,49.73
2203,11,1,2018,9.15,48.47
2204,12,1,2018,8.413,47.1434
2205,13,1,2018,9.15,48.47
2206,14,1,2018,9.138,48.4484
2207,15,1,2018,8.963,48.1334
2208,16,1,2018,12.313,54.1634
2209,17,1,2018,13.025,55.445
2210,18,1,2018,9.05,48.29
2211,19,1,2018,11.338,52.4084
2212,20,1,2018,9.95,49.91
2213,21,1,2018,13.563,56.4134
2214,22,1,2018,11.05,51.89
2215,23,1,2018,12.45,54.41
2216,24,1,2018,11.763,53.1734
2217,25,1,2018,10.775,51.395
2218,26,1,2018,11.163,52.0934
2219,27,1,2018,12.013,53.6234
2220,28,1,2018,10.65,51.17
2221,29,1,2018,9,48.2
2222,30,1,2018,11.113,52.0034
2223,31,1,2018,11.513,52.7234
2224,1,2,2018,10.775,51.395
2225,2,2,2018,10.413,50.7434
2226,3,2,2018,8.213,46.7834
2227,4,2,2018,7.763,45.9734
2228,5,2,2018,9.988,49.9784
2229,6,2,2018,9.125,48.425
2230,7,2,2018,8.438,47.1884
2231,8,2,2018,7.338,45.2084
2232,9,2,2018,7.763,45.9734
2233,10,2,2018,7.513,45.5234
2234,11,2,2018,7.35,45.23
2235,12,2,2018,8.725,47.705
2236,13,2,2018,6.463,43.6334
2237,14,2,2018,6.85,44.33
2238,15,2,2018,6.938,44.4884
2239,16,2,2018,11,51.8
2240,17,2,2018,11.8,53.24
2241,18,2,2018,11.3,52.34
2242,19,2,2018,9.363,48.8534
2243,20,2,2018,8.413,47.1434
2244,21,2,2018,7.075,44.735
2245,22,2,2018,6.788,44.2184
2246,23,2,2018,8.725,47.705
2247,24,2,2018,9.063,48.3134
2248,25,2,2018,10.15,50.27
2249,26,2,2018,6.075,42.935
2250,27,2,2018,2,35.6
2251,28,2,2018,NA,NA
2252,1,3,2018,11.375,52.475
2253,2,3,2018,11.95,53.51
2254,3,3,2018,11.575,52.835
2255,4,3,2018,9.7,49.46
2256,5,3,2018,10.863,51.5534
2257,6,3,2018,10.913,51.6434
2258,7,3,2018,12.488,54.4784
2259,8,3,2018,11.338,52.4084
2260,9,3,2018,11.163,52.0934
2261,10,3,2018,13.388,56.0984
2262,11,3,2018,14.263,57.6734
2263,12,3,2018,13.913,57.0434
2264,13,3,2018,13.013,55.4234
2265,14,3,2018,10.7,51.26
2266,15,3,2018,12.938,55.2884
2267,16,3,2018,13.313,55.9634
2268,17,3,2018,11.675,53.015
2269,18,3,2018,10.063,50.1134
2270,19,3,2018,9.913,49.8434
2271,20,3,2018,8.788,47.8184
2272,21,3,2018,9.088,48.3584
2273,22,3,2018,8.325,46.985
2274,23,3,2018,8.288,46.9184
2275,24,3,2018,9.925,49.865
2276,25,3,2018,11.013,51.8234
2277,26,3,2018,9.588,49.2584
2278,27,3,2018,10.35,50.63
2279,28,3,2018,13.05,55.49
2280,29,3,2018,13,55.4
2281,30,3,2018,13.175,55.715
2282,31,3,2018,11.5,52.7
2283,1,4,2018,11.625,52.925
2284,2,4,2018,10.95,51.71
2285,3,4,2018,14.175,57.515
2286,4,4,2018,16.163,61.0934
2287,5,4,2018,13.975,57.155
2288,6,4,2018,12.4,54.32
2289,7,4,2018,13.788,56.8184
2290,8,4,2018,15.913,60.6434
2291,9,4,2018,14.263,57.6734
2292,10,4,2018,12.538,54.5684
2293,11,4,2018,13.375,56.075
2294,12,4,2018,12.388,54.2984
2295,13,4,2018,12.95,55.31
2296,14,4,2018,16.675,62.015
2297,15,4,2018,17.25,63.05
2298,16,4,2018,14.7,58.46
2299,17,4,2018,14.15,57.47
2300,18,4,2018,15.263,59.4734
2301,19,4,2018,16.538,61.7684
2302,20,4,2018,15.825,60.485
2303,21,4,2018,15.45,59.81
2304,22,4,2018,16.1,60.98
2305,23,4,2018,16.488,61.6784
2306,24,4,2018,16.525,61.745
2307,25,4,2018,16.613,61.9034
2308,26,4,2018,17.175,62.915
2309,27,4,2018,17.425,63.365
2310,28,4,2018,18.225,64.805
2311,29,4,2018,17.775,63.995
2312,30,4,2018,16.188,61.1384
2313,1,5,2018,13.175,55.715
2314,2,5,2018,14.038,57.2684
2315,3,5,2018,15.713,60.2834
2316,4,5,2018,16.338,61.4084
2317,5,5,2018,17.313,63.1634
2318,6,5,2018,17.138,62.8484
2319,7,5,2018,17.588,63.6584
2320,8,5,2018,17.25,63.05
2321,9,5,2018,18.1,64.58
2322,10,5,2018,18.2,64.76
2323,11,5,2018,17.825,64.085
2324,12,5,2018,17.463,63.4334
2325,13,5,2018,15.313,59.5634
2326,14,5,2018,12.025,53.645
2327,15,5,2018,13.738,56.7284
2328,16,5,2018,16,60.8
2329,17,5,2018,16.875,62.375
2330,18,5,2018,16.975,62.555
2331,19,5,2018,18.425,65.165
2332,20,5,2018,18.763,65.7734
2333,21,5,2018,17.213,62.9834
2334,22,5,2018,17.738,63.9284
2335,23,5,2018,18.925,66.065
2336,24,5,2018,18.613,65.5034
2337,25,5,2018,19.425,66.965
2338,26,5,2018,21.538,70.7684
2339,27,5,2018,22.063,71.7134
2340,28,5,2018,19.175,66.515
2341,29,5,2018,20.45,68.81
2342,30,5,2018,20.513,68.9234
2343,31,5,2018,20.238,68.4284
2344,1,6,2018,19.588,67.2584
2345,2,6,2018,20.475,68.855
2346,3,6,2018,21.488,70.6784
2347,4,6,2018,20.313,68.5634
2348,5,6,2018,20.625,69.125
2349,6,6,2018,20.7,69.26
2350,7,6,2018,19.363,66.8534
2351,8,6,2018,19.5,67.1
2352,9,6,2018,20.5,68.9
2353,10,6,2018,22.313,72.1634
2354,11,6,2018,23.025,73.445
2355,12,6,2018,22.088,71.7584
2356,13,6,2018,19.163,66.4934
2357,14,6,2018,20.413,68.7434
2358,15,6,2018,21.425,70.565
2359,16,6,2018,21.725,71.105
2360,17,6,2018,22.213,71.9834
2361,18,6,2018,22.338,72.2084
2362,19,6,2018,23.238,73.8284
2363,20,6,2018,23.525,74.345
2364,21,6,2018,23.275,73.895
2365,22,6,2018,22.675,72.815
2366,23,6,2018,22.4,72.32
2367,24,6,2018,21.875,71.375
2368,25,6,2018,21.15,70.07
2369,26,6,2018,21.575,70.835
2370,27,6,2018,22.188,71.9384
2371,28,6,2018,21.525,70.745
2372,29,6,2018,22.1,71.78
2373,30,6,2018,23.7,74.66
2374,1,7,2018,24.388,75.8984
2375,2,7,2018,24.363,75.8534
2376,3,7,2018,25.313,77.5634
2377,4,7,2018,25.325,77.585
2378,5,7,2018,25.375,77.675
2379,6,7,2018,24.113,75.4034
2380,7,7,2018,23.863,74.9534
2381,8,7,2018,23.988,75.1784
2382,9,7,2018,24.05,75.29
2383,10,7,2018,23.925,75.065
2384,11,7,2018,24.05,75.29
2385,12,7,2018,23.825,74.885
2386,13,7,2018,NA,NA
2387,14,7,2018,26.5,79.7
2388,15,7,2018,25.7,78.26
2389,16,7,2018,25.638,78.1484
2390,17,7,2018,24.175,75.515
2391,18,7,2018,24.125,75.425
2392,19,7,2018,25.213,77.3834
2393,20,7,2018,24.35,75.83
2394,21,7,2018,26.175,79.115
2395,22,7,2018,24.463,76.0334
2396,23,7,2018,25.325,77.585
2397,24,7,2018,24.975,76.955
2398,25,7,2018,24.538,76.1684
2399,26,7,2018,24.988,76.9784
2400,27,7,2018,25.413,77.7434
2401,28,7,2018,25.213,77.3834
2402,29,7,2018,25.175,77.315
2403,30,7,2018,26.55,79.79
2404,31,7,2018,27.025,80.645
2405,1,8,2018,27.475,81.455
2406,2,8,2018,27.575,81.635
2407,3,8,2018,25.963,78.7334
2408,4,8,2018,26.325,79.385
2409,5,8,2018,27.013,80.6234
2410,6,8,2018,27.188,80.9384
2411,7,8,2018,27.213,80.9834
2412,8,8,2018,27.163,80.8934
2413,9,8,2018,27.35,81.23
2414,10,8,2018,27.825,82.085
2415,11,8,2018,26.413,79.5434
2416,12,8,2018,25.038,77.0684
2417,13,8,2018,25.563,78.0134
2418,14,8,2018,24.063,75.3134
2419,15,8,2018,24.925,76.865
2420,16,8,2018,25.25,77.45
2421,17,8,2018,25.213,77.3834
2422,18,8,2018,24.813,76.6634
2423,19,8,2018,24.563,76.2134
2424,20,8,2018,25.188,77.3384
2425,21,8,2018,25.325,77.585
2426,22,8,2018,25.35,77.63
2427,23,8,2018,23.488,74.2784
2428,24,8,2018,24.425,75.965
2429,25,8,2018,23.538,74.3684
2430,26,8,2018,21.85,71.33
2431,27,8,2018,22.188,71.9384
2432,28,8,2018,23.4,74.12
2433,29,8,2018,23.925,75.065
2434,30,8,2018,23.413,74.1434
2435,31,8,2018,21.813,71.2634
2436,1,9,2018,21,69.8
2437,2,9,2018,20.938,69.6884
2438,3,9,2018,21.325,70.385
2439,4,9,2018,20.15,68.27
2440,5,9,2018,22.275,72.095
2441,6,9,2018,23.3,73.94
2442,7,9,2018,22.638,72.7484
2443,8,9,2018,22.538,72.5684
2444,9,9,2018,22.763,72.9734
2445,10,9,2018,23.588,74.4584
2446,11,9,2018,23.525,74.345
2447,12,9,2018,23.575,74.435
2448,13,9,2018,22.988,73.3784
2449,14,9,2018,22.888,73.1984
2450,15,9,2018,23.363,74.0534
2451,16,9,2018,23.475,74.255
2452,17,9,2018,24.088,75.3584
2453,18,9,2018,23.1,73.58
2454,19,9,2018,23.588,74.4584
2455,20,9,2018,23.175,73.715
2456,21,9,2018,23.438,74.1884
2457,22,9,2018,22.725,72.905
2458,23,9,2018,22.188,71.9384
2459,24,9,2018,22.6,72.68
2460,25,9,2018,22.525,72.545
2461,26,9,2018,20.138,68.2484
2462,27,9,2018,18.875,65.975
2463,28,9,2018,18.938,66.0884
2464,29,9,2018,20,68
2465,30,9,2018,20.3,68.54
2466,1,10,2018,18.55,65.39
2467,2,10,2018,16.925,62.465
2468,3,10,2018,18.1,64.58
2469,4,10,2018,19.8,67.64
2470,5,10,2018,18.813,65.8634
2471,6,10,2018,18.05,64.49
2472,7,10,2018,17.563,63.6134
2473,8,10,2018,19.475,67.055
2474,9,10,2018,19.45,67.01
2475,10,10,2018,19.863,67.7534
2476,11,10,2018,22.5,72.5
2477,12,10,2018,19.788,67.6184
2478,13,10,2018,19.45,67.01
2479,14,10,2018,18.725,65.705
2480,15,10,2018,19.113,66.4034
2481,16,10,2018,18.563,65.4134
2482,17,10,2018,18.35,65.03
2483,18,10,2018,19.588,67.2584
2484,19,10,2018,19.888,67.7984
2485,20,10,2018,18.888,65.9984
2486,21,10,2018,18.763,65.7734
2487,22,10,2018,17.113,62.8034
2488,23,10,2018,14.888,58.7984
2489,24,10,2018,15.763,60.3734
2490,25,10,2018,17.05,62.69
2491,26,10,2018,17.95,64.31
2492,27,10,2018,18.938,66.0884
2493,28,10,2018,NA,NA
2494,29,10,2018,18,64.4
2495,30,10,2018,13.825,56.885
2496,31,10,2018,18.075,64.535
2497,1,11,2018,16.975,62.555
2498,2,11,2018,15.288,59.5184
2499,3,11,2018,14.813,58.6634
2500,4,11,2018,16.388,61.4984
2501,5,11,2018,15.95,60.71
2502,6,11,2018,14.163,57.4934
2503,7,11,2018,13.775,56.795
2504,8,11,2018,15.538,59.9684
2505,9,11,2018,15.175,59.315
2506,10,11,2018,15.338,59.6084
2507,11,11,2018,15.075,59.135
2508,12,11,2018,15.35,59.63
2509,13,11,2018,15.263,59.4734
2510,14,11,2018,14.75,58.55
2511,15,11,2018,13.988,57.1784
2512,16,11,2018,15.425,59.765
2513,17,11,2018,13.938,57.0884
2514,18,11,2018,11.775,53.195
2515,19,11,2018,12.275,54.095
2516,20,11,2018,12.063,53.7134
2517,21,11,2018,13.35,56.03
2518,22,11,2018,13.688,56.6384
2519,23,11,2018,15.65,60.17
2520,24,11,2018,14.988,58.9784
2521,25,11,2018,13.663,56.5934
2522,26,11,2018,13.05,55.49
2523,27,11,2018,11.125,52.025
2524,28,11,2018,10.275,50.495
2525,29,11,2018,10.613,51.1034
2526,30,11,2018,10.55,50.99
2527,1,12,2018,11.2,52.16
2528,2,12,2018,11.238,52.2284
2529,3,12,2018,14.275,57.695
2530,4,12,2018,14.975,58.955
2531,5,12,2018,11.938,53.4884
2532,6,12,2018,12.375,54.275
2533,7,12,2018,12.113,53.8034
2534,8,12,2018,13.938,57.0884
2535,9,12,2018,13.85,56.93
2536,10,12,2018,12.525,54.545
2537,11,12,2018,9.188,48.5384
2538,12,12,2018,8.75,47.75
2539,13,12,2018,10.025,50.045
2540,14,12,2018,11.225,52.205
2541,15,12,2018,8.913,48.0434
2542,16,12,2018,10.463,50.8334
2543,17,12,2018,11.25,52.25
2544,18,12,2018,7.8,46.04
2545,19,12,2018,9.3,48.74
2546,20,12,2018,9.913,49.8434
2547,21,12,2018,10.163,50.2934
2548,22,12,2018,13.188,55.7384
2549,23,12,2018,12.875,55.175
2550,24,12,2018,11.838,53.3084
2551,25,12,2018,10.8,51.44
2552,26,12,2018,8.825,47.885
2553,27,12,2018,8.975,48.155
2554,28,12,2018,9.963,49.9334
2555,29,12,2018,9.45,49.01
2556,30,12,2018,8.1,46.58
2557,31,12,2018,8.438,47.1884
2558,1,1,2019,8.225,46.805
2559,2,1,2019,8.825,47.885
2560,3,1,2019,5.425,41.765
2561,4,1,2019,5.788,42.4184
2562,5,1,2019,7.2,44.96
2563,6,1,2019,7.925,46.265
2564,7,1,2019,7.825,46.085
2565,8,1,2019,8,46.4
2566,9,1,2019,6.388,43.4984
2567,10,1,2019,5.388,41.6984
2568,11,1,2019,3.8,38.84
2569,12,1,2019,4.588,40.2584
2570,13,1,2019,8.775,47.795
2571,14,1,2019,10.1,50.18
2572,15,1,2019,8.063,46.5134
2573,16,1,2019,8.788,47.8184
2574,17,1,2019,8.638,47.5484
2575,18,1,2019,8.4,47.12
2576,19,1,2019,7.475,45.455
2577,20,1,2019,6.713,44.0834
2578,21,1,2019,7.45,45.41
2579,22,1,2019,7.15,44.87
2580,23,1,2019,4.738,40.5284
2581,24,1,2019,6.075,42.935
2582,25,1,2019,5.45,41.81
2583,26,1,2019,5.638,42.1484
2584,27,1,2019,10.563,51.0134
2585,28,1,2019,8.375,47.075
2586,29,1,2019,5.525,41.945
2587,30,1,2019,7.763,45.9734
2588,31,1,2019,8.225,46.805
2589,1,2,2019,13.55,56.39
2590,2,2,2019,11.275,52.295
2591,3,2,2019,8.35,47.03
2592,4,2,2019,8.763,47.7734
2593,5,2,2019,7.35,45.23
2594,6,2,2019,7.088,44.7584
2595,7,2,2019,8.7,47.66
2596,8,2,2019,9.613,49.3034
2597,9,2,2019,10.525,50.945
2598,10,2,2019,12.513,54.5234
2599,11,2,2019,11.475,52.655
2600,12,2,2019,7.725,45.905
2601,13,2,2019,7.638,45.7484
2602,14,2,2019,8.438,47.1884
2603,15,2,2019,8.525,47.345
2604,16,2,2019,9.675,49.415
2605,17,2,2019,8.775,47.795
2606,18,2,2019,8.738,47.7284
2607,19,2,2019,9.825,49.685
2608,20,2,2019,9.275,48.695
2609,21,2,2019,9.375,48.875
2610,22,2,2019,11.375,52.475
2611,23,2,2019,9.513,49.1234
2612,24,2,2019,11.55,52.79
2613,25,2,2019,9.188,48.5384
2614,26,2,2019,12.325,54.185
2615,27,2,2019,10.225,50.405
2616,28,2,2019,10.325,50.585
2617,1,3,2019,11.988,53.5784
2618,2,3,2019,10.988,51.7784
2619,3,3,2019,11.1,51.98
2620,4,3,2019,11.238,52.2284
2621,5,3,2019,10.813,51.4634
2622,6,3,2019,11.263,52.2734
2623,7,3,2019,13.463,56.2334
2624,8,3,2019,10.613,51.1034
2625,9,3,2019,10.7,51.26
2626,10,3,2019,14.088,57.3584
2627,11,3,2019,13.138,55.6484
2628,12,3,2019,10.013,50.0234
2629,13,3,2019,11.088,51.9584
2630,14,3,2019,10.613,51.1034
2631,15,3,2019,13.175,55.715
2632,16,3,2019,12.838,55.1084
2633,17,3,2019,12.213,53.9834
2634,18,3,2019,10.563,51.0134
2635,19,3,2019,9.45,49.01
2636,20,3,2019,9.288,48.7184
2637,21,3,2019,10.338,50.6084
2638,22,3,2019,12.338,54.2084
2639,23,3,2019,11.838,53.3084
2640,24,3,2019,11.538,52.7684
2641,25,3,2019,11.463,52.6334
2642,26,3,2019,10.838,51.5084
2643,27,3,2019,10.825,51.485
2644,28,3,2019,10.263,50.4734
2645,29,3,2019,10.55,50.99
2646,30,3,2019,10.975,51.755
2647,31,3,2019,10.638,51.1484
2648,1,4,2019,11.438,52.5884
2649,2,4,2019,11.988,53.5784
2650,3,4,2019,13.225,55.805
2651,4,4,2019,10.4,50.72
2652,5,4,2019,10.275,50.495
2653,6,4,2019,10.413,50.7434
2654,7,4,2019,11.05,51.89
2655,8,4,2019,11.375,52.475
2656,9,4,2019,12.3,54.14
2657,10,4,2019,11.613,52.9034
2658,11,4,2019,10.5,50.9
2659,12,4,2019,11.063,51.9134
2660,13,4,2019,11.663,52.9934
2661,14,4,2019,12.563,54.6134
2662,15,4,2019,11.813,53.2634
2663,16,4,2019,12.4,54.32
2664,17,4,2019,12.963,55.3334
2665,18,4,2019,13.2,55.76
2666,19,4,2019,15.088,59.1584
2667,20,4,2019,14.75,58.55
2668,21,4,2019,18.05,64.49
2669,22,4,2019,17.575,63.635
2670,23,4,2019,15.75,60.35
2671,24,4,2019,15.338,59.6084
2672,25,4,2019,15.263,59.4734
2673,26,4,2019,15.075,59.135
2674,27,4,2019,14.288,57.7184
2675,28,4,2019,14.55,58.19
2676,29,4,2019,13.575,56.435
2677,30,4,2019,12.688,54.8384
2678,1,5,2019,13,55.4
2679,2,5,2019,14.038,57.2684
2680,3,5,2019,14.825,58.685
2681,4,5,2019,14.125,57.425
2682,5,5,2019,12.2,53.96
2683,6,5,2019,12.85,55.13
2684,7,5,2019,12.613,54.7034
2685,8,5,2019,15.913,60.6434
2686,9,5,2019,17.188,62.9384
2687,10,5,2019,15.725,60.305
2688,11,5,2019,16.088,60.9584
2689,12,5,2019,16.15,61.07
2690,13,5,2019,16.175,61.115
2691,14,5,2019,17.163,62.8934
2692,15,5,2019,11.713,53.0834
2693,16,5,2019,13.188,55.7384
2694,17,5,2019,15.2,59.36
2695,18,5,2019,15.35,59.63
2696,19,5,2019,14.2,57.56
2697,20,5,2019,13.725,56.705
2698,21,5,2019,16.975,62.555
2699,22,5,2019,17.05,62.69
2700,23,5,2019,17.575,63.635
2701,24,5,2019,16.7,62.06
2702,25,5,2019,17.313,63.1634
2703,26,5,2019,16.925,62.465
2704,27,5,2019,18,64.4
2705,28,5,2019,17.825,64.085
2706,29,5,2019,16.7,62.06
2707,30,5,2019,16.438,61.5884
2708,31,5,2019,17.575,63.635
2709,1,6,2019,18.213,64.7834
2710,2,6,2019,19.213,66.5834
2711,3,6,2019,19.463,67.0334
2712,4,6,2019,19.35,66.83
2713,5,6,2019,21.563,70.8134
2714,6,6,2019,19.775,67.595
2715,7,6,2019,20.563,69.0134
2716,8,6,2019,21.613,70.9034
2717,9,6,2019,24.55,76.19
2718,10,6,2019,24.488,76.0784
2719,11,6,2019,NA,NA
2720,12,6,2019,NA,NA
2721,13,6,2019,20.113,68.2034
2722,14,6,2019,25.938,78.6884
2723,15,6,2019,21.9,71.42
2724,16,6,2019,20.375,68.675
2725,17,6,2019,20.45,68.81
2726,18,6,2019,21.475,70.655
2727,19,6,2019,22.25,72.05
2728,20,6,2019,22.363,72.2534
2729,21,6,2019,22.863,73.1534
2730,22,6,2019,23.7,74.66
2731,23,6,2019,22.613,72.7034
2732,24,6,2019,23.363,74.0534
2733,25,6,2019,24.925,76.865
2734,26,6,2019,25.575,78.035
2735,27,6,2019,25.863,78.5534
2736,28,6,2019,25.663,78.1934
2737,29,6,2019,26.7,80.06
2738,30,6,2019,27.475,81.455
2739,1,7,2019,26.25,79.25
2740,2,7,2019,NA,NA
2741,3,7,2019,26.888,80.3984
2742,4,7,2019,26.038,78.8684
2743,5,7,2019,25.875,78.575
2744,6,7,2019,25.775,78.395
2745,7,7,2019,26.375,79.475
2746,8,7,2019,27.725,81.905
2747,9,7,2019,29.613,85.3034
2748,10,7,2019,27.163,80.8934
2749,11,7,2019,26.3,79.34
2750,12,7,2019,25.7,78.26
2751,13,7,2019,25.688,78.2384
2752,14,7,2019,25.1,77.18
2753,15,7,2019,23.963,75.1334
2754,16,7,2019,23.088,73.5584
2755,17,7,2019,23.188,73.7384
2756,18,7,2019,23.288,73.9184
2757,19,7,2019,23.263,73.8734
2758,20,7,2019,24.913,76.8434
2759,21,7,2019,25.313,77.5634
2760,22,7,2019,24.913,76.8434
2761,23,7,2019,26.075,78.935
2762,24,7,2019,27.188,80.9384
2763,25,7,2019,27.563,81.6134
2764,26,7,2019,27,80.6
2765,27,7,2019,25.813,78.4634
2766,28,7,2019,23.15,73.67
2767,29,7,2019,23.025,73.445
2768,30,7,2019,22.725,72.905
2769,31,7,2019,23.425,74.165
2770,1,8,2019,24.563,76.2134
2771,2,8,2019,26.525,79.745
2772,3,8,2019,23.875,74.975
2773,4,8,2019,25.25,77.45
2774,5,8,2019,24.275,75.695
2775,6,8,2019,26.738,80.1284
2776,7,8,2019,26.225,79.205
2777,8,8,2019,26.288,79.3184
2778,9,8,2019,26.075,78.935
2779,10,8,2019,26.075,78.935
2780,11,8,2019,25.7,78.26
2781,12,8,2019,27.063,80.7134
2782,13,8,2019,24.913,76.8434
2783,14,8,2019,23.025,73.445
2784,15,8,2019,23.575,74.435
2785,16,8,2019,23.35,74.03
2786,17,8,2019,24.45,76.01
2787,18,8,2019,24.613,76.3034
2788,19,8,2019,24.738,76.5284
2789,20,8,2019,24.675,76.415
2790,21,8,2019,24.275,75.695
2791,22,8,2019,25.2,77.36
2792,23,8,2019,24.675,76.415
2793,24,8,2019,24.013,75.2234
2794,25,8,2019,24.8,76.64
2795,26,8,2019,25.55,77.99
2796,27,8,2019,25.725,78.305
2797,28,8,2019,25.075,77.135
2798,29,8,2019,24.925,76.865
2799,30,8,2019,25.25,77.45
2800,31,8,2019,25.188,77.3384
2801,1,9,2019,24.1,75.38
2802,2,9,2019,24.738,76.5284
2803,3,9,2019,24.05,75.29
2804,4,9,2019,23.863,74.9534
2805,5,9,2019,23.35,74.03
2806,6,9,2019,22.313,72.1634
2807,7,9,2019,21.75,71.15
2808,8,9,2019,21.013,69.8234
2809,9,9,2019,21.863,71.3534
2810,10,9,2019,22.2,71.96
2811,11,9,2019,22.638,72.7484
2812,12,9,2019,22.938,73.2884
2813,13,9,2019,22.513,72.5234
2814,14,9,2019,22.2,71.96
2815,15,9,2019,22.263,72.0734
2816,16,9,2019,22.663,72.7934
2817,17,9,2019,22.125,71.825
2818,18,9,2019,21.563,70.8134
2819,19,9,2019,22.775,72.995
2820,20,9,2019,22.7,72.86
2821,21,9,2019,22.513,72.5234
2822,22,9,2019,24.613,76.3034
2823,23,9,2019,21.5,70.7
2824,24,9,2019,20.613,69.1034
2825,25,9,2019,21.625,70.925
2826,26,9,2019,20.95,69.71
2827,27,9,2019,21.213,70.1834
2828,28,9,2019,21.663,70.9934
2829,29,9,2019,20.45,68.81
2830,30,9,2019,22.088,71.7584
2831,1,10,2019,20.425,68.765
2832,2,10,2019,20.05,68.09
2833,3,10,2019,19.1,66.38
2834,4,10,2019,18.688,65.6384
2835,5,10,2019,19.463,67.0334
2836,6,10,2019,18.338,65.0084
2837,7,10,2019,19.988,67.9784
2838,8,10,2019,18.125,64.625
2839,9,10,2019,18.325,64.985
2840,10,10,2019,18.163,64.6934
2841,11,10,2019,17.45,63.41
2842,12,10,2019,17.7,63.86
2843,13,10,2019,18.3,64.94
2844,14,10,2019,20.238,68.4284
2845,15,10,2019,19.225,66.605
2846,16,10,2019,16.675,62.015
2847,17,10,2019,17.738,63.9284
2848,18,10,2019,17.313,63.1634
2849,19,10,2019,18.213,64.7834
2850,20,10,2019,21.6,70.88
2851,21,10,2019,20.538,68.9684
2852,22,10,2019,23.688,74.6384
2853,23,10,2019,28.688,83.6384
2854,24,10,2019,18.688,65.6384
2855,25,10,2019,17.713,63.8834
2856,26,10,2019,18.625,65.525
2857,27,10,2019,17.638,63.7484
2858,28,10,2019,16.9,62.42
2859,29,10,2019,16.675,62.015
2860,30,10,2019,18.275,64.895
2861,31,10,2019,17.35,63.23
2862,1,11,2019,16.65,61.97
2863,2,11,2019,15.488,59.8784
2864,3,11,2019,17.3,63.14
2865,4,11,2019,18.675,65.615
2866,5,11,2019,17.088,62.7584
2867,6,11,2019,13.2,55.76
2868,7,11,2019,13.975,57.155
2869,8,11,2019,11.15,52.07
2870,9,11,2019,10.288,50.5184
2871,10,11,2019,10.75,51.35
2872,11,11,2019,13.863,56.9534
2873,12,11,2019,12.7,54.86
2874,13,11,2019,11.588,52.8584
2875,14,11,2019,12.15,53.87
2876,15,11,2019,11.438,52.5884
2877,16,11,2019,10.75,51.35
2878,17,11,2019,10.575,51.035
2879,18,11,2019,10.913,51.6434
2880,19,11,2019,13.55,56.39
2881,20,11,2019,11.713,53.0834
2882,21,11,2019,12.6,54.68
2883,22,11,2019,13.288,55.9184
2884,23,11,2019,15.388,59.6984
2885,24,11,2019,13.15,55.67
2886,25,11,2019,13.55,56.39
2887,26,11,2019,13.325,55.985
2888,27,11,2019,14.163,57.4934
2889,28,11,2019,13.313,55.9634
2890,29,11,2019,13.738,56.7284
2891,30,11,2019,11.988,53.5784
2892,1,12,2019,12.813,55.0634
2893,2,12,2019,14.025,57.245
2894,3,12,2019,12.85,55.13
2895,4,12,2019,11.325,52.385
2896,5,12,2019,15.725,60.305
2897,6,12,2019,13.325,55.985
2898,7,12,2019,13.288,55.9184
2899,8,12,2019,11.35,52.43
2900,9,12,2019,12.9,55.22
2901,10,12,2019,10.338,50.6084
2902,11,12,2019,8.125,46.625
2903,12,12,2019,10.275,50.495
2904,13,12,2019,12.588,54.6584
2905,14,12,2019,14.45,58.01
2906,15,12,2019,12.475,54.455
2907,16,12,2019,13.075,55.535
2908,17,12,2019,13.625,56.525
2909,18,12,2019,13.613,56.5034
2910,19,12,2019,13.213,55.7834
2911,20,12,2019,12.55,54.59
2912,21,12,2019,14.95,58.91
2913,22,12,2019,14.95,58.91
2914,23,12,2019,13.75,56.75
2915,24,12,2019,11.075,51.935
2916,25,12,2019,11.175,52.115
2917,26,12,2019,10.313,50.5634
2918,27,12,2019,9.463,49.0334
2919,28,12,2019,9.5,49.1
2920,29,12,2019,9.513,49.1234
2921,30,12,2019,6.325,43.385
2922,31,12,2019,7.8,46.04
2923,1,1,2020,8.338,47.0084
2924,2,1,2020,8.288,46.9184
2925,3,1,2020,9.488,49.0784
2926,4,1,2020,11.625,52.925
2927,5,1,2020,9.875,49.775
2928,6,1,2020,8.45,47.21
2929,7,1,2020,8.338,47.0084
2930,8,1,2020,9.113,48.4034
2931,9,1,2020,8.225,46.805
2932,10,1,2020,10.813,51.4634
2933,11,1,2020,9.65,49.37
2934,12,1,2020,8.563,47.4134
2935,13,1,2020,8.15,46.67
2936,14,1,2020,8.763,47.7734
2937,15,1,2020,8.413,47.1434
2938,16,1,2020,9.975,49.955
2939,17,1,2020,11.725,53.105
2940,18,1,2020,11.1,51.98
2941,19,1,2020,7.25,45.05
2942,20,1,2020,10.338,50.6084
2943,21,1,2020,12.413,54.3434
2944,22,1,2020,12.338,54.2084
2945,23,1,2020,10.5,50.9
2946,24,1,2020,10.85,51.53
2947,25,1,2020,10.975,51.755
2948,26,1,2020,9.8,49.64
2949,27,1,2020,9.675,49.415
2950,28,1,2020,12.763,54.9734
2951,29,1,2020,13.2,55.76
2952,30,1,2020,11.063,51.9134
2953,31,1,2020,13.663,56.5934
2954,1,2,2020,12.85,55.13
2955,2,2,2020,13.588,56.4584
2956,3,2,2020,14.038,57.2684
2957,4,2,2020,12.55,54.59
2958,5,2,2020,10.613,51.1034
2959,6,2,2020,7.813,46.0634
2960,7,2,2020,8.025,46.445
2961,8,2,2020,8.238,46.8284
2962,9,2,2020,8.963,48.1334
2963,10,2,2020,12.513,54.5234
2964,11,2,2020,12.65,54.77
2965,12,2,2020,10.863,51.5534
2966,13,2,2020,9.213,48.5834
2967,14,2,2020,12.563,54.6134
2968,15,2,2020,10.088,50.1584
2969,16,2,2020,9.9,49.82
2970,17,2,2020,10.588,51.0584
2971,18,2,2020,12.25,54.05
2972,19,2,2020,11.363,52.4534
2973,20,2,2020,10.325,50.585
2974,21,2,2020,11.2,52.16
2975,22,2,2020,11.538,52.7684
2976,23,2,2020,10.363,50.6534
2977,24,2,2020,10.938,51.6884
2978,25,2,2020,11.738,53.1284
2979,26,2,2020,12.675,54.815
2980,27,2,2020,10.238,50.4284
2981,28,2,2020,11.938,53.4884
2982,29,2,2020,10.538,50.9684
2983,1,3,2020,12.725,54.905
2984,2,3,2020,12.25,54.05
2985,3,3,2020,11.513,52.7234
2986,4,3,2020,9.663,49.3934
2987,5,3,2020,10.613,51.1034
2988,6,3,2020,12.613,54.7034
2989,7,3,2020,10.9,51.62
2990,8,3,2020,10.025,50.045
2991,9,3,2020,9.213,48.5834
2992,10,3,2020,9.588,49.2584
2993,11,3,2020,12.063,53.7134
2994,12,3,2020,13.075,55.535
2995,13,3,2020,12.5,54.5
2996,14,3,2020,13.638,56.5484
2997,15,3,2020,12.725,54.905
2998,16,3,2020,12.563,54.6134
2999,17,3,2020,12.213,53.9834
3000,18,3,2020,12.063,53.7134
3001,19,3,2020,12.425,54.365
3002,20,3,2020,12.213,53.9834
3003,21,3,2020,13.8,56.84
3004,22,3,2020,12.888,55.1984
3005,23,3,2020,12.363,54.2534
3006,24,3,2020,9.325,48.785
3007,25,3,2020,7.675,45.815
3008,26,3,2020,6.95,44.51
3009,27,3,2020,10.088,50.1584
3010,28,3,2020,11.788,53.2184
3011,29,3,2020,11.563,52.8134
3012,30,3,2020,12.425,54.365
3013,31,3,2020,12.813,55.0634
3014,1,4,2020,11.925,53.465
3015,2,4,2020,10.675,51.215
3016,3,4,2020,12.088,53.7584
3017,4,4,2020,11.6,52.88
3018,5,4,2020,11.513,52.7234
3019,6,4,2020,12.3,54.14
3020,7,4,2020,13.275,55.895
3021,8,4,2020,13,55.4
3022,9,4,2020,12.675,54.815
3023,10,4,2020,13.275,55.895
3024,11,4,2020,14.175,57.515
3025,12,4,2020,13.725,56.705
3026,13,4,2020,13.5,56.3
3027,14,4,2020,14.65,58.37
3028,15,4,2020,14.238,57.6284
3029,16,4,2020,14.15,57.47
3030,17,4,2020,14.813,58.6634
3031,18,4,2020,15.463,59.8334
3032,19,4,2020,15.963,60.7334
3033,20,4,2020,16.275,61.295
3034,21,4,2020,15.813,60.4634
3035,22,4,2020,14.413,57.9434
3036,23,4,2020,15.375,59.675
3037,24,4,2020,14.713,58.4834
3038,25,4,2020,15.15,59.27
3039,26,4,2020,15.313,59.5634
3040,27,4,2020,NA,NA
3041,28,4,2020,16.175,61.115
3042,29,4,2020,16.638,61.9484
3043,30,4,2020,16.188,61.1384
3044,1,5,2020,17.35,63.23
3045,2,5,2020,19.4,66.92
3046,3,5,2020,19.388,66.8984
3047,4,5,2020,17.838,64.1084
3048,5,5,2020,17.763,63.9734
3049,6,5,2020,18.5,65.3
3050,7,5,2020,18.85,65.93
3051,8,5,2020,18.038,64.4684
3052,9,5,2020,17.675,63.815
3053,10,5,2020,19.5,67.1
3054,11,5,2020,18.575,65.435
3055,12,5,2020,19.4,66.92
3056,13,5,2020,20.388,68.6984
3057,14,5,2020,18.9,66.02
3058,15,5,2020,19.375,66.875
3059,16,5,2020,19.088,66.3584
3060,17,5,2020,18.525,65.345
3061,18,5,2020,17.3,63.14
3062,19,5,2020,17.688,63.8384
3063,20,5,2020,19.175,66.515
3064,21,5,2020,20.663,69.1934
3065,22,5,2020,19.838,67.7084
3066,23,5,2020,19.913,67.8434
3067,24,5,2020,19.238,66.6284
3068,25,5,2020,19.238,66.6284
3069,26,5,2020,20.763,69.3734
3070,27,5,2020,20.35,68.63
3071,28,5,2020,19.238,66.6284
3072,29,5,2020,17.463,63.4334
3073,30,5,2020,17.775,63.995
3074,31,5,2020,18.75,65.75
3075,1,6,2020,19.288,66.7184
3076,2,6,2020,18.9,66.02
3077,3,6,2020,19.15,66.47
3078,4,6,2020,20.425,68.765
3079,5,6,2020,19.8,67.64
3080,6,6,2020,19.713,67.4834
3081,7,6,2020,20.588,69.0584
3082,8,6,2020,19.888,67.7984
3083,9,6,2020,18,64.4
3084,10,6,2020,17.313,63.1634
3085,11,6,2020,18.138,64.6484
3086,12,6,2020,22.275,72.095
3087,13,6,2020,19.7,67.46
3088,14,6,2020,19.263,66.6734
3089,15,6,2020,20.05,68.09
3090,16,6,2020,19.638,67.3484
3091,17,6,2020,19.9,67.82
3092,18,6,2020,19.663,67.3934
3093,19,6,2020,19.563,67.2134
3094,20,6,2020,19.3,66.74
3095,21,6,2020,20.538,68.9684
3096,22,6,2020,21.675,71.015
3097,23,6,2020,NA,NA
3098,24,6,2020,23.75,74.75
3099,25,6,2020,23.3,73.94
3100,26,6,2020,23.1,73.58
3101,27,6,2020,23.613,74.5034
3102,28,6,2020,23.725,74.705
3103,29,6,2020,23.65,74.57
3104,30,6,2020,24.125,75.425
3105,1,7,2020,24.75,76.55
3106,2,7,2020,24.438,75.9884
3107,3,7,2020,24.575,76.235
3108,4,7,2020,23.475,74.255
3109,5,7,2020,23.125,73.625
3110,6,7,2020,23.1,73.58
3111,7,7,2020,23.875,74.975
3112,8,7,2020,24.55,76.19
3113,9,7,2020,24.738,76.5284
3114,10,7,2020,24.275,75.695
3115,11,7,2020,24.538,76.1684
3116,12,7,2020,24.188,75.5384
3117,13,7,2020,24.9,76.82
3118,14,7,2020,24.188,75.5384
3119,15,7,2020,23.538,74.3684
3120,16,7,2020,22.613,72.7034
3121,17,7,2020,22.588,72.6584
3122,18,7,2020,24.15,75.47
3123,19,7,2020,24.213,75.5834
3124,20,7,2020,23.938,75.0884
3125,21,7,2020,25.025,77.045
3126,22,7,2020,25.288,77.5184
3127,23,7,2020,24.513,76.1234
3128,24,7,2020,24.975,76.955
3129,25,7,2020,25.088,77.1584
3130,26,7,2020,24.363,75.8534
3131,27,7,2020,25.463,77.8334
3132,28,7,2020,26.163,79.0934
3133,29,7,2020,26.238,79.2284
3134,30,7,2020,26.575,79.835
3135,31,7,2020,27.313,81.1634
3136,1,8,2020,26.738,80.1284
3137,2,8,2020,26.438,79.5884
3138,3,8,2020,24.863,76.7534
3139,4,8,2020,23.813,74.8634
3140,5,8,2020,23.113,73.6034
3141,6,8,2020,24.463,76.0334
3142,7,8,2020,24.675,76.415
3143,8,8,2020,25.525,77.945
3144,9,8,2020,25.4,77.72
3145,10,8,2020,25.6,78.08
3146,11,8,2020,25.038,77.0684
3147,12,8,2020,25.75,78.35
3148,13,8,2020,26.013,78.8234
3149,14,8,2020,25.588,78.0584
3150,15,8,2020,25.25,77.45
3151,16,8,2020,25.025,77.045
3152,17,8,2020,25.05,77.09
3153,18,8,2020,24.725,76.505
3154,19,8,2020,24.675,76.415
3155,20,8,2020,24.975,76.955
3156,21,8,2020,26.063,78.9134
3157,22,8,2020,26.35,79.43
3158,23,8,2020,24.75,76.55
3159,24,8,2020,23.975,75.155
3160,25,8,2020,24.188,75.5384
3161,26,8,2020,24.388,75.8984
3162,27,8,2020,24.288,75.7184
3163,28,8,2020,24.2,75.56
3164,29,8,2020,25.125,77.225
3165,30,8,2020,22.45,72.41
3166,31,8,2020,20.5,68.9
3167,1,9,2020,21.213,70.1834
3168,2,9,2020,21.488,70.6784
3169,3,9,2020,21.788,71.2184
3170,4,9,2020,22.963,73.3334
3171,5,9,2020,22.7,72.86
3172,6,9,2020,21.788,71.2184
3173,7,9,2020,21.713,71.0834
3174,8,9,2020,22.425,72.365
3175,9,9,2020,23.225,73.805
3176,10,9,2020,22.313,72.1634
3177,11,9,2020,21.738,71.1284
3178,12,9,2020,22.913,73.2434
3179,13,9,2020,23,73.4
3180,14,9,2020,23.013,73.4234
3181,15,9,2020,22.375,72.275
3182,16,9,2020,23.025,73.445
3183,17,9,2020,22.7,72.86
3184,18,9,2020,22.813,73.0634
3185,19,9,2020,23.813,74.8634
3186,20,9,2020,23.138,73.6484
3187,21,9,2020,21.425,70.565
3188,22,9,2020,20.225,68.405
3189,23,9,2020,20.588,69.0584
3190,24,9,2020,23.013,73.4234
3191,25,9,2020,20.638,69.1484
3192,26,9,2020,17.338,63.2084
3193,27,9,2020,13.725,56.705
3194,28,9,2020,14.725,58.505
3195,29,9,2020,16.638,61.9484
3196,30,9,2020,17.538,63.5684
3197,1,10,2020,17.488,63.4784
3198,2,10,2020,21.75,71.15
3199,3,10,2020,17.475,63.455
3200,4,10,2020,16.438,61.5884
3201,5,10,2020,16.138,61.0484
3202,6,10,2020,17.375,63.275
3203,7,10,2020,18.475,65.255
3204,8,10,2020,16.075,60.935
3205,9,10,2020,16.225,61.205
3206,10,10,2020,17.013,62.6234
3207,11,10,2020,15.175,59.315
3208,12,10,2020,13.913,57.0434
3209,13,10,2020,12.763,54.9734
3210,14,10,2020,13.163,55.6934
3211,15,10,2020,11.963,53.5334
3212,16,10,2020,12.775,54.995
3213,17,10,2020,12.775,54.995
3214,18,10,2020,14.075,57.335
3215,19,10,2020,13.688,56.6384
3216,20,10,2020,14.25,57.65
3217,21,10,2020,15.038,59.0684
3218,22,10,2020,16.738,62.1284
3219,23,10,2020,17.913,64.2434
3220,24,10,2020,17.638,63.7484
3221,25,10,2020,16.488,61.6784
3222,26,10,2020,16.375,61.475
3223,27,10,2020,14.7,58.46
3224,28,10,2020,13.063,55.5134
3225,29,10,2020,14.663,58.3934
3226,30,10,2020,15.013,59.0234
3227,31,10,2020,15.788,60.4184
3228,1,11,2020,16,60.8
3229,2,11,2020,16.538,61.7684
3230,3,11,2020,16.038,60.8684
3231,4,11,2020,16.838,62.3084
3232,5,11,2020,15.175,59.315
3233,6,11,2020,15.625,60.125
3234,7,11,2020,14.913,58.8434
3235,8,11,2020,15.55,59.99
3236,9,11,2020,14.538,58.1684
3237,10,11,2020,14.5,58.1
3238,11,11,2020,14.738,58.5284
3239,12,11,2020,13.725,56.705
3240,13,11,2020,13.1,55.58
3241,14,11,2020,13.288,55.9184
3242,15,11,2020,14.163,57.4934
3243,16,11,2020,15.663,60.1934
3244,17,11,2020,12.875,55.175
3245,18,11,2020,13.325,55.985
3246,19,11,2020,13.5,56.3
3247,20,11,2020,14.563,58.2134
3248,21,11,2020,10.55,50.99
3249,22,11,2020,8.413,47.1434
3250,23,11,2020,9.575,49.235
3251,24,11,2020,10.063,50.1134
3252,25,11,2020,10.675,51.215
3253,26,11,2020,13.238,55.8284
3254,27,11,2020,13.125,55.625
3255,28,11,2020,13.4,56.12
3256,29,11,2020,13.425,56.165
3257,30,11,2020,13.138,55.6484
3258,1,12,2020,11.538,52.7684
3259,2,12,2020,8.763,47.7734
3260,3,12,2020,8.525,47.345
3261,4,12,2020,11.938,53.4884
3262,5,12,2020,NA,NA
3263,6,12,2020,9.575,49.235
3264,7,12,2020,8.488,47.2784
3265,8,12,2020,10.613,51.1034
3266,9,12,2020,8.275,46.895
3267,10,12,2020,8.438,47.1884
3268,11,12,2020,8.463,47.2334
3269,12,12,2020,10.513,50.9234
3270,13,12,2020,8.45,47.21
3271,14,12,2020,9.425,48.965
3272,15,12,2020,11.05,51.89
3273,16,12,2020,13.138,55.6484
3274,17,12,2020,12.325,54.185
3275,18,12,2020,11.713,53.0834
3276,19,12,2020,13.25,55.85
3277,20,12,2020,12.038,53.6684
3278,21,12,2020,11,51.8
3279,22,12,2020,12.188,53.9384
3280,23,12,2020,13.25,55.85
3281,24,12,2020,11.788,53.2184
3282,25,12,2020,11.013,51.8234
3283,26,12,2020,6.375,43.475
3284,27,12,2020,5.95,42.71
3285,28,12,2020,11.513,52.7234
3286,29,12,2020,8.425,47.165
3287,30,12,2020,7.175,44.915
3288,31,12,2020,7.1,44.78
3289,1,1,2021,8.275,46.895
3290,2,1,2021,10.2,50.36
3291,3,1,2021,7.125,44.825
3292,4,1,2021,7.175,44.915
3293,5,1,2021,5.713,42.2834
3294,6,1,2021,5.613,42.1034
3295,7,1,2021,5.725,42.305
3296,8,1,2021,7.238,45.0284
3297,9,1,2021,7.663,45.7934
3298,10,1,2021,10.238,50.4284
3299,11,1,2021,7.9,46.22
3300,12,1,2021,5.188,41.3384
3301,13,1,2021,9.8,49.64
3302,14,1,2021,9.588,49.2584
3303,15,1,2021,9.838,49.7084
3304,16,1,2021,8.7,47.66
3305,17,1,2021,7.813,46.0634
3306,18,1,2021,7.063,44.7134
3307,19,1,2021,7.313,45.1634
3308,20,1,2021,10.2,50.36
3309,21,1,2021,11.588,52.8584
3310,22,1,2021,13.738,56.7284
3311,23,1,2021,12.25,54.05
3312,24,1,2021,11.113,52.0034
3313,25,1,2021,10.763,51.3734
3314,26,1,2021,6.038,42.8684
3315,27,1,2021,7,44.6
3316,28,1,2021,9.375,48.875
3317,29,1,2021,13.213,55.7834
3318,30,1,2021,11.725,53.105
3319,31,1,2021,12,53.6
3320,1,2,2021,12.3,54.14
3321,2,2,2021,12.725,54.905
3322,3,2,2021,12.163,53.8934
3323,4,2,2021,12.213,53.9834
3324,5,2,2021,11.313,52.3634
3325,6,2,2021,13.888,56.9984
3326,7,2,2021,13.863,56.9534
3327,8,2,2021,12.288,54.1184
3328,9,2,2021,12.838,55.1084
3329,10,2,2021,12.75,54.95
3330,11,2,2021,10.9,51.62
3331,12,2,2021,10.95,51.71
3332,13,2,2021,9.65,49.37
3333,14,2,2021,5.488,41.8784
3334,15,2,2021,5.125,41.225
3335,16,2,2021,7.938,46.2884
3336,17,2,2021,10.25,50.45
3337,18,2,2021,10.038,50.0684
3338,19,2,2021,10.163,50.2934
3339,20,2,2021,9.75,49.55
3340,21,2,2021,10.85,51.53
3341,22,2,2021,13.7,56.66
3342,23,2,2021,12.213,53.9834
3343,24,2,2021,10.3,50.54
3344,25,2,2021,8.775,47.795
3345,26,2,2021,9.013,48.2234
3346,27,2,2021,9.563,49.2134
3347,28,2,2021,10.513,50.9234
3348,1,3,2021,10.738,51.3284
3349,2,3,2021,10.738,51.3284
3350,3,3,2021,10.588,51.0584
3351,4,3,2021,9.3,48.74
3352,5,3,2021,9.788,49.6184
3353,6,3,2021,10.613,51.1034
3354,7,3,2021,10.863,51.5534
3355,8,3,2021,11.025,51.845
3356,9,3,2021,11.413,52.5434
3357,10,3,2021,10.75,51.35
3358,11,3,2021,9.863,49.7534
3359,12,3,2021,12.5,54.5
3360,13,3,2021,10.825,51.485
3361,14,3,2021,11.8,53.24
3362,15,3,2021,9.313,48.7634
3363,16,3,2021,10.825,51.485
3364,17,3,2021,9.275,48.695
3365,18,3,2021,7.375,45.275
3366,19,3,2021,7.775,45.995
3367,20,3,2021,9.788,49.6184
3368,21,3,2021,8.363,47.0534
3369,22,3,2021,9.313,48.7634
3370,23,3,2021,8.55,47.39
3371,24,3,2021,9.563,49.2134
3372,25,3,2021,10.325,50.585
3373,26,3,2021,11.85,53.33
3374,27,3,2021,11.738,53.1284
3375,28,3,2021,11.45,52.61
3376,29,3,2021,11.675,53.015
3377,30,3,2021,12.675,54.815
3378,31,3,2021,13.375,56.075
3379,1,4,2021,13.663,56.5934
3380,2,4,2021,13.525,56.345
3381,3,4,2021,13.725,56.705
3382,4,4,2021,13.9,57.02
3383,5,4,2021,12.463,54.4334
3384,6,4,2021,12.363,54.2534
3385,7,4,2021,8.488,47.2784
3386,8,4,2021,8.45,47.21
3387,9,4,2021,10.938,51.6884
3388,10,4,2021,12.888,55.1984
3389,11,4,2021,16.063,60.9134
3390,12,4,2021,12.838,55.1084
3391,13,4,2021,12.063,53.7134
3392,14,4,2021,11.363,52.4534
3393,15,4,2021,11.488,52.6784
3394,16,4,2021,11.25,52.25
3395,17,4,2021,10.3,50.54
3396,18,4,2021,10.038,50.0684
3397,19,4,2021,11.075,51.935
3398,20,4,2021,11.313,52.3634
3399,21,4,2021,11.613,52.9034
3400,22,4,2021,13.938,57.0884
3401,23,4,2021,13.275,55.895
3402,24,4,2021,13.575,56.435
3403,25,4,2021,13.85,56.93
3404,26,4,2021,16.063,60.9134
3405,27,4,2021,14.775,58.595
3406,28,4,2021,NA,NA
